geo,Indicator,Year,Value
Austria,01_MR,2000,0
Austria,01_MR,2001,0
Austria,01_MR,2002,0
Austria,01_MR,2003,0
Austria,01_MR,2004,0
Austria,01_MR,2005,0
Austria,01_MR,2006,0
Austria,01_MR,2007,0
Austria,01_MR,2008,0
Austria,01_MR,2009,0
Austria,01_MR,2010,0
Austria,01_MR,2011,0
Austria,01_MR,2012,0
Austria,01_MR,2013,0
Austria,01_MR,2014,0
Austria,01_MR,2015,0
Austria,01_MR,2016,0
Austria,01_MR,2017,0
Austria,01_MR,2018,0
Austria,01_MR,2019,0
Austria,01_MR,2020,0
Austria,01_MR,2021,0
Belgia,01_MR,2000,25
Belgia,01_MR,2001,25
Belgia,01_MR,2002,25
Belgia,01_MR,2003,25
Belgia,01_MR,2004,25
Belgia,01_MR,2005,25
Belgia,01_MR,2006,25
Belgia,01_MR,2007,25
Belgia,01_MR,2008,25
Belgia,01_MR,2009,25
Belgia,01_MR,2010,25
Belgia,01_MR,2011,25
Belgia,01_MR,2012,25
Belgia,01_MR,2013,25
Belgia,01_MR,2014,25
Belgia,01_MR,2015,25
Belgia,01_MR,2016,25
Belgia,01_MR,2017,25
Belgia,01_MR,2018,25
Belgia,01_MR,2019,25
Belgia,01_MR,2020,25
Belgia,01_MR,2021,25
Danemarca,01_MR,2000,7
Danemarca,01_MR,2001,6.25
Danemarca,01_MR,2002,5.5
Danemarca,01_MR,2003,5.5
Danemarca,01_MR,2004,5.5
Danemarca,01_MR,2005,5.48
Danemarca,01_MR,2006,5.48
Danemarca,01_MR,2007,5.48
Danemarca,01_MR,2008,5.48
Danemarca,01_MR,2009,5.04
Danemarca,01_MR,2010,3.67
Danemarca,01_MR,2011,3.64
Danemarca,01_MR,2012,4.65
Danemarca,01_MR,2013,5.83
Danemarca,01_MR,2014,6.83
Danemarca,01_MR,2015,8.08
Danemarca,01_MR,2016,9.08
Danemarca,01_MR,2017,10.08
Danemarca,01_MR,2018,11.13
Danemarca,01_MR,2019,12.16
Danemarca,01_MR,2020,12.11
Danemarca,01_MR,2021,12.09
Finlanda,01_MR,2000,0
Finlanda,01_MR,2001,0
Finlanda,01_MR,2002,0
Finlanda,01_MR,2003,0
Finlanda,01_MR,2004,0
Finlanda,01_MR,2005,0
Finlanda,01_MR,2006,0
Finlanda,01_MR,2007,0
Finlanda,01_MR,2008,0
Finlanda,01_MR,2009,0
Finlanda,01_MR,2010,0
Finlanda,01_MR,2011,0
Finlanda,01_MR,2012,0
Finlanda,01_MR,2013,0
Finlanda,01_MR,2014,0
Finlanda,01_MR,2015,0
Finlanda,01_MR,2016,0
Finlanda,01_MR,2017,0
Finlanda,01_MR,2018,0
Finlanda,01_MR,2019,0
Finlanda,01_MR,2020,0
Finlanda,01_MR,2021,0
Franta,01_MR,2000,0
Franta,01_MR,2001,0
Franta,01_MR,2002,0
Franta,01_MR,2003,0
Franta,01_MR,2004,0
Franta,01_MR,2005,0
Franta,01_MR,2006,0
Franta,01_MR,2007,0
Franta,01_MR,2008,0
Franta,01_MR,2009,0
Franta,01_MR,2010,0
Franta,01_MR,2011,0
Franta,01_MR,2012,0
Franta,01_MR,2013,0
Franta,01_MR,2014,0
Franta,01_MR,2015,0
Franta,01_MR,2016,0
Franta,01_MR,2017,0
Franta,01_MR,2018,0
Franta,01_MR,2019,0
Franta,01_MR,2020,0
Franta,01_MR,2021,0
Grecia,01_MR,2000,0
Grecia,01_MR,2001,0
Grecia,01_MR,2002,0
Grecia,01_MR,2003,0
Grecia,01_MR,2004,0
Grecia,01_MR,2005,0
Grecia,01_MR,2006,0
Grecia,01_MR,2007,0
Grecia,01_MR,2008,0
Grecia,01_MR,2009,0
Grecia,01_MR,2010,0
Grecia,01_MR,2011,0
Grecia,01_MR,2012,0
Grecia,01_MR,2013,22
Grecia,01_MR,2014,22
Grecia,01_MR,2015,22
Grecia,01_MR,2016,22
Grecia,01_MR,2017,22
Grecia,01_MR,2018,22
Grecia,01_MR,2019,22
Grecia,01_MR,2020,9
Grecia,01_MR,2021,9
Ungaria,01_MR,2000,20
Ungaria,01_MR,2001,20
Ungaria,01_MR,2002,20
Ungaria,01_MR,2003,20
Ungaria,01_MR,2004,18
Ungaria,01_MR,2005,18
Ungaria,01_MR,2006,18
Ungaria,01_MR,2007,18
Ungaria,01_MR,2008,18
Ungaria,01_MR,2009,18
Ungaria,01_MR,2010,17
Ungaria,01_MR,2011,16
Ungaria,01_MR,2012,16
Ungaria,01_MR,2013,16
Ungaria,01_MR,2014,16
Ungaria,01_MR,2015,16
Ungaria,01_MR,2016,15
Ungaria,01_MR,2017,15
Ungaria,01_MR,2018,15
Ungaria,01_MR,2019,15
Ungaria,01_MR,2020,15
Ungaria,01_MR,2021,15
Islanda,01_MR,2000,26.41
Islanda,01_MR,2001,26.08
Islanda,01_MR,2002,25.75
Islanda,01_MR,2003,25.75
Islanda,01_MR,2004,25.75
Islanda,01_MR,2005,24.75
Islanda,01_MR,2006,23.75
Islanda,01_MR,2007,22.75
Islanda,01_MR,2008,22.75
Islanda,01_MR,2009,24.1
Islanda,01_MR,2010,24.1
Islanda,01_MR,2011,22.9
Islanda,01_MR,2012,22.9
Islanda,01_MR,2013,22.9
Islanda,01_MR,2014,22.86
Islanda,01_MR,2015,22.86
Islanda,01_MR,2016,22.68
Islanda,01_MR,2017,22.5
Islanda,01_MR,2018,22.5
Islanda,01_MR,2019,22.5
Islanda,01_MR,2020,20.6
Islanda,01_MR,2021,17
Irlanda,01_MR,2000,22
Irlanda,01_MR,2001,20
Irlanda,01_MR,2002,20
Irlanda,01_MR,2003,20
Irlanda,01_MR,2004,20
Irlanda,01_MR,2005,20
Irlanda,01_MR,2006,20
Irlanda,01_MR,2007,20
Irlanda,01_MR,2008,20
Irlanda,01_MR,2009,20
Irlanda,01_MR,2010,20
Irlanda,01_MR,2011,20
Irlanda,01_MR,2012,20
Irlanda,01_MR,2013,20
Irlanda,01_MR,2014,20
Irlanda,01_MR,2015,20
Irlanda,01_MR,2016,20
Irlanda,01_MR,2017,20
Irlanda,01_MR,2018,20
Irlanda,01_MR,2019,20
Irlanda,01_MR,2020,20
Irlanda,01_MR,2021,20
Italia,01_MR,2000,18.5
Italia,01_MR,2001,18
Italia,01_MR,2002,18
Italia,01_MR,2003,23
Italia,01_MR,2004,23
Italia,01_MR,2005,23
Italia,01_MR,2006,23
Italia,01_MR,2007,23
Italia,01_MR,2008,23
Italia,01_MR,2009,23
Italia,01_MR,2010,23
Italia,01_MR,2011,23
Italia,01_MR,2012,23
Italia,01_MR,2013,23
Italia,01_MR,2014,23
Italia,01_MR,2015,23
Italia,01_MR,2016,23
Italia,01_MR,2017,23
Italia,01_MR,2018,23
Italia,01_MR,2019,23
Italia,01_MR,2020,23
Italia,01_MR,2021,23
Luxemburg,01_MR,2000,0
Luxemburg,01_MR,2001,0
Luxemburg,01_MR,2002,0
Luxemburg,01_MR,2003,0
Luxemburg,01_MR,2004,0
Luxemburg,01_MR,2005,0
Luxemburg,01_MR,2006,0
Luxemburg,01_MR,2007,0
Luxemburg,01_MR,2008,0
Luxemburg,01_MR,2009,0
Luxemburg,01_MR,2010,0
Luxemburg,01_MR,2011,0
Luxemburg,01_MR,2012,0
Luxemburg,01_MR,2013,0
Luxemburg,01_MR,2014,0
Luxemburg,01_MR,2015,0
Luxemburg,01_MR,2016,0
Luxemburg,01_MR,2017,0
Luxemburg,01_MR,2018,0
Luxemburg,01_MR,2019,0
Luxemburg,01_MR,2020,0
Luxemburg,01_MR,2021,0
Olanda,01_MR,2000,4.5
Olanda,01_MR,2001,2.95
Olanda,01_MR,2002,2.95
Olanda,01_MR,2003,1.7
Olanda,01_MR,2004,1
Olanda,01_MR,2005,1.8
Olanda,01_MR,2006,2.45
Olanda,01_MR,2007,2.5
Olanda,01_MR,2008,2.45
Olanda,01_MR,2009,2.35
Olanda,01_MR,2010,2.3
Olanda,01_MR,2011,1.85
Olanda,01_MR,2012,1.95
Olanda,01_MR,2013,5.85
Olanda,01_MR,2014,5.1
Olanda,01_MR,2015,8.35
Olanda,01_MR,2016,8.4
Olanda,01_MR,2017,8.9
Olanda,01_MR,2018,8.9
Olanda,01_MR,2019,9
Olanda,01_MR,2020,9.7
Olanda,01_MR,2021,9.45
Norvegia,01_MR,2000,10.35
Norvegia,01_MR,2001,8.9
Norvegia,01_MR,2002,13.7
Norvegia,01_MR,2003,11.76
Norvegia,01_MR,2004,12.2
Norvegia,01_MR,2005,11.8
Norvegia,01_MR,2006,11.8
Norvegia,01_MR,2007,12.6
Norvegia,01_MR,2008,13.3
Norvegia,01_MR,2009,12.55
Norvegia,01_MR,2010,12.55
Norvegia,01_MR,2011,14.05
Norvegia,01_MR,2012,13.75
Norvegia,01_MR,2013,13.75
Norvegia,01_MR,2014,12.95
Norvegia,01_MR,2015,13.15
Norvegia,01_MR,2016,10.55
Norvegia,01_MR,2017,9.55
Norvegia,01_MR,2018,8.55
Norvegia,01_MR,2019,7.85
Norvegia,01_MR,2020,8.45
Norvegia,01_MR,2021,7.15
Polonia,01_MR,2000,30
Polonia,01_MR,2001,19
Polonia,01_MR,2002,30
Polonia,01_MR,2003,30
Polonia,01_MR,2004,30
Polonia,01_MR,2005,30
Polonia,01_MR,2006,30
Polonia,01_MR,2007,30
Polonia,01_MR,2008,30
Polonia,01_MR,2009,18
Polonia,01_MR,2010,18
Polonia,01_MR,2011,18
Polonia,01_MR,2012,18
Polonia,01_MR,2013,18
Polonia,01_MR,2014,18
Polonia,01_MR,2015,18
Polonia,01_MR,2016,18
Polonia,01_MR,2017,18
Polonia,01_MR,2018,18
Polonia,01_MR,2019,17.75
Polonia,01_MR,2020,17
Polonia,01_MR,2021,17
Portugalia,01_MR,2000,14
Portugalia,01_MR,2001,12
Portugalia,01_MR,2002,12
Portugalia,01_MR,2003,12
Portugalia,01_MR,2004,12
Portugalia,01_MR,2005,10.5
Portugalia,01_MR,2006,10.5
Portugalia,01_MR,2007,10.5
Portugalia,01_MR,2008,10.5
Portugalia,01_MR,2009,10.5
Portugalia,01_MR,2010,11.08
Portugalia,01_MR,2011,11.5
Portugalia,01_MR,2012,11.5
Portugalia,01_MR,2013,14.5
Portugalia,01_MR,2014,14.5
Portugalia,01_MR,2015,14.5
Portugalia,01_MR,2016,14.5
Portugalia,01_MR,2017,14.5
Portugalia,01_MR,2018,14.5
Portugalia,01_MR,2019,14.5
Portugalia,01_MR,2020,14.5
Portugalia,01_MR,2021,14.5
Spania,01_MR,2000,15
Spania,01_MR,2001,15
Spania,01_MR,2002,15
Spania,01_MR,2003,9.06
Spania,01_MR,2004,9.06
Spania,01_MR,2005,9.06
Spania,01_MR,2006,9.06
Spania,01_MR,2007,15.66
Spania,01_MR,2008,15.66
Spania,01_MR,2009,15.66
Spania,01_MR,2010,15.66
Spania,01_MR,2011,12
Spania,01_MR,2012,12.75
Spania,01_MR,2013,12.75
Spania,01_MR,2014,12.75
Spania,01_MR,2015,9.5
Spania,01_MR,2016,9.5
Spania,01_MR,2017,9.5
Spania,01_MR,2018,9.5
Spania,01_MR,2019,9.5
Spania,01_MR,2020,9.5
Spania,01_MR,2021,9.5
Suedia,01_MR,2000,0
Suedia,01_MR,2001,0
Suedia,01_MR,2002,0
Suedia,01_MR,2003,0
Suedia,01_MR,2004,0
Suedia,01_MR,2005,0
Suedia,01_MR,2006,0
Suedia,01_MR,2007,0
Suedia,01_MR,2008,0
Suedia,01_MR,2009,0
Suedia,01_MR,2010,0
Suedia,01_MR,2011,0
Suedia,01_MR,2012,0
Suedia,01_MR,2013,0
Suedia,01_MR,2014,0
Suedia,01_MR,2015,0
Suedia,01_MR,2016,0
Suedia,01_MR,2017,0
Suedia,01_MR,2018,0
Suedia,01_MR,2019,0
Suedia,01_MR,2020,0
Suedia,01_MR,2021,0
Elvetia,01_MR,2000,0
Elvetia,01_MR,2001,0
Elvetia,01_MR,2002,0
Elvetia,01_MR,2003,0
Elvetia,01_MR,2004,0
Elvetia,01_MR,2005,0
Elvetia,01_MR,2006,0
Elvetia,01_MR,2007,0
Elvetia,01_MR,2008,0
Elvetia,01_MR,2009,0
Elvetia,01_MR,2010,0
Elvetia,01_MR,2011,0
Elvetia,01_MR,2012,0
Elvetia,01_MR,2013,0
Elvetia,01_MR,2014,0
Elvetia,01_MR,2015,0
Elvetia,01_MR,2016,0
Elvetia,01_MR,2017,0
Elvetia,01_MR,2018,0
Elvetia,01_MR,2019,0
Elvetia,01_MR,2020,0
Elvetia,01_MR,2021,0
Estonia,01_MR,2000,26
Estonia,01_MR,2001,26
Estonia,01_MR,2002,26
Estonia,01_MR,2003,26
Estonia,01_MR,2004,26
Estonia,01_MR,2005,24
Estonia,01_MR,2006,23
Estonia,01_MR,2007,22
Estonia,01_MR,2008,21
Estonia,01_MR,2009,21
Estonia,01_MR,2010,21
Estonia,01_MR,2011,21
Estonia,01_MR,2012,21
Estonia,01_MR,2013,21
Estonia,01_MR,2014,21
Estonia,01_MR,2015,20
Estonia,01_MR,2016,20
Estonia,01_MR,2017,20
Estonia,01_MR,2018,20
Estonia,01_MR,2019,20
Estonia,01_MR,2020,20
Estonia,01_MR,2021,20
Slovenia,01_MR,2000,17
Slovenia,01_MR,2001,17
Slovenia,01_MR,2002,17
Slovenia,01_MR,2003,17
Slovenia,01_MR,2004,17
Slovenia,01_MR,2005,16
Slovenia,01_MR,2006,16
Slovenia,01_MR,2007,16
Slovenia,01_MR,2008,16
Slovenia,01_MR,2009,16
Slovenia,01_MR,2010,16
Slovenia,01_MR,2011,16
Slovenia,01_MR,2012,16
Slovenia,01_MR,2013,16
Slovenia,01_MR,2014,16
Slovenia,01_MR,2015,16
Slovenia,01_MR,2016,16
Slovenia,01_MR,2017,16
Slovenia,01_MR,2018,16
Slovenia,01_MR,2019,16
Slovenia,01_MR,2020,16
Slovenia,01_MR,2021,16
Austria,01_TH,2000,3633.6
Austria,01_TH,2001,3633.6
Austria,01_TH,2002,3640
Austria,01_TH,2003,3640
Austria,01_TH,2004,3640
Austria,01_TH,2005,10000
Austria,01_TH,2006,10000
Austria,01_TH,2007,10000
Austria,01_TH,2008,10000
Austria,01_TH,2009,11000
Austria,01_TH,2010,11000
Austria,01_TH,2011,11000
Austria,01_TH,2012,11000
Austria,01_TH,2013,11000
Austria,01_TH,2014,11000
Austria,01_TH,2015,11000
Austria,01_TH,2016,11000
Austria,01_TH,2017,11000
Austria,01_TH,2018,11000
Austria,01_TH,2019,11000
Austria,01_TH,2020,11000
Austria,01_TH,2021,11000
Belgia,01_TH,2000,6395.6529
Belgia,01_TH,2001,6570
Belgia,01_TH,2002,6730
Belgia,01_TH,2003,6840
Belgia,01_TH,2004,6950
Belgia,01_TH,2005,7100
Belgia,01_TH,2006,7290
Belgia,01_TH,2007,7420
Belgia,01_TH,2008,7560
Belgia,01_TH,2009,7900
Belgia,01_TH,2010,7900
Belgia,01_TH,2011,8070
Belgia,01_TH,2012,8350
Belgia,01_TH,2013,8590
Belgia,01_TH,2014,8680
Belgia,01_TH,2015,8710
Belgia,01_TH,2016,10860
Belgia,01_TH,2017,11070
Belgia,01_TH,2018,9120
Belgia,01_TH,2019,9310
Belgia,01_TH,2020,13440
Belgia,01_TH,2021,13540
Danemarca,01_TH,2000,164300
Danemarca,01_TH,2001,177900
Danemarca,01_TH,2002,191200
Danemarca,01_TH,2003,198000
Danemarca,01_TH,2004,254000
Danemarca,01_TH,2005,259500
Danemarca,01_TH,2006,265500
Danemarca,01_TH,2007,272600
Danemarca,01_TH,2008,279800
Danemarca,01_TH,2009,347200
Danemarca,01_TH,2010,389900
Danemarca,01_TH,2011,389900
Danemarca,01_TH,2012,389900
Danemarca,01_TH,2013,421000
Danemarca,01_TH,2014,449100
Danemarca,01_TH,2015,459200
Danemarca,01_TH,2016,467300
Danemarca,01_TH,2017,479600
Danemarca,01_TH,2018,498900
Danemarca,01_TH,2019,513400
Danemarca,01_TH,2020,531000
Danemarca,01_TH,2021,544800
Finlanda,01_TH,2000,8005.75
Finlanda,01_TH,2001,11100.4
Finlanda,01_TH,2002,11500
Finlanda,01_TH,2003,11600
Finlanda,01_TH,2004,11700
Finlanda,01_TH,2005,12000
Finlanda,01_TH,2006,12200
Finlanda,01_TH,2007,12400
Finlanda,01_TH,2008,12600
Finlanda,01_TH,2009,13100
Finlanda,01_TH,2010,15200
Finlanda,01_TH,2011,15600
Finlanda,01_TH,2012,16100
Finlanda,01_TH,2013,16100
Finlanda,01_TH,2014,16300
Finlanda,01_TH,2015,16500
Finlanda,01_TH,2016,16700
Finlanda,01_TH,2017,16900
Finlanda,01_TH,2018,17200
Finlanda,01_TH,2019,17600
Finlanda,01_TH,2020,18100
Finlanda,01_TH,2021,18600
Franta,01_TH,2000,4055
Franta,01_TH,2001,4121
Franta,01_TH,2002,4191
Franta,01_TH,2003,4261
Franta,01_TH,2004,4334
Franta,01_TH,2005,4412
Franta,01_TH,2006,5614
Franta,01_TH,2007,5687
Franta,01_TH,2008,5852
Franta,01_TH,2009,5875
Franta,01_TH,2010,5963
Franta,01_TH,2011,5963
Franta,01_TH,2012,5963
Franta,01_TH,2013,6011
Franta,01_TH,2014,9690
Franta,01_TH,2015,9700
Franta,01_TH,2016,9710
Franta,01_TH,2017,9807
Franta,01_TH,2018,9964
Franta,01_TH,2019,10064
Franta,01_TH,2020,10084
Franta,01_TH,2021,10225
Grecia,01_TH,2000,5869.4
Grecia,01_TH,2001,7403
Grecia,01_TH,2002,8400
Grecia,01_TH,2003,10000
Grecia,01_TH,2004,10000
Grecia,01_TH,2005,11000
Grecia,01_TH,2006,11000
Grecia,01_TH,2007,12000
Grecia,01_TH,2008,12000
Grecia,01_TH,2009,12000
Grecia,01_TH,2010,12000
Grecia,01_TH,2011,5000
Grecia,01_TH,2012,5000
Grecia,01_TH,2013,25000
Grecia,01_TH,2014,25000
Grecia,01_TH,2015,25000
Grecia,01_TH,2016,20000
Grecia,01_TH,2017,20000
Grecia,01_TH,2018,20000
Grecia,01_TH,2019,20000
Grecia,01_TH,2020,10000
Grecia,01_TH,2021,10000
Ungaria,01_TH,2000,400000
Ungaria,01_TH,2001,480000
Ungaria,01_TH,2002,600000
Ungaria,01_TH,2003,650000
Ungaria,01_TH,2004,800000
Ungaria,01_TH,2005,1500000
Ungaria,01_TH,2006,1550000
Ungaria,01_TH,2007,1700000
Ungaria,01_TH,2008,1700000
Ungaria,01_TH,2009,1900000
Ungaria,01_TH,2010,5000000
Islanda,01_TH,2000,3278000
Islanda,01_TH,2001,3865000
Islanda,01_TH,2002,3980000
Islanda,01_TH,2003,4089450
Islanda,01_TH,2004,4191686
Islanda,01_TH,2005,4191686
Islanda,01_TH,2010,2400000
Islanda,01_TH,2011,2512800
Islanda,01_TH,2012,2760000
Islanda,01_TH,2013,2897700
Islanda,01_TH,2014,3480000
Islanda,01_TH,2015,3709680
Islanda,01_TH,2016,4032420
Islanda,01_TH,2017,10016488
Islanda,01_TH,2018,10724553
Islanda,01_TH,2019,11125045
Islanda,01_TH,2020,4042992
Islanda,01_TH,2021,4188216
Irlanda,01_TH,2000,21585.547
Irlanda,01_TH,2001,25394.762
Irlanda,01_TH,2002,28000
Irlanda,01_TH,2003,28000
Irlanda,01_TH,2004,28000
Irlanda,01_TH,2005,29400
Irlanda,01_TH,2006,32000
Irlanda,01_TH,2007,34000
Irlanda,01_TH,2008,35400
Irlanda,01_TH,2009,36400
Irlanda,01_TH,2010,36400
Irlanda,01_TH,2011,32800
Irlanda,01_TH,2012,32800
Irlanda,01_TH,2013,32800
Irlanda,01_TH,2014,32800
Irlanda,01_TH,2015,33800
Irlanda,01_TH,2016,33800
Irlanda,01_TH,2017,33800
Irlanda,01_TH,2018,34550
Irlanda,01_TH,2019,35300
Irlanda,01_TH,2020,39300
Irlanda,01_TH,2021,35300
Italia,01_TH,2000,10329
Italia,01_TH,2001,10329
Italia,01_TH,2002,10329.14
Italia,01_TH,2003,15000
Italia,01_TH,2004,15000
Italia,01_TH,2005,26000
Italia,01_TH,2006,26000
Italia,01_TH,2007,15000
Italia,01_TH,2008,15000
Italia,01_TH,2009,15000
Italia,01_TH,2010,15000
Italia,01_TH,2011,15000
Italia,01_TH,2012,15000
Italia,01_TH,2013,15000
Italia,01_TH,2014,15000
Italia,01_TH,2015,15000
Italia,01_TH,2016,15000
Italia,01_TH,2017,15000
Italia,01_TH,2018,15000
Italia,01_TH,2019,15000
Italia,01_TH,2020,15000
Italia,01_TH,2021,15000
Luxemburg,01_TH,2000,6693.12517
Luxemburg,01_TH,2001,9667.847466
Luxemburg,01_TH,2002,9750
Luxemburg,01_TH,2003,9750
Luxemburg,01_TH,2004,9750
Luxemburg,01_TH,2005,9750
Luxemburg,01_TH,2006,9750
Luxemburg,01_TH,2007,9750
Luxemburg,01_TH,2008,10335
Luxemburg,01_TH,2009,11265
Luxemburg,01_TH,2010,11265
Luxemburg,01_TH,2011,11265
Luxemburg,01_TH,2012,11265
Luxemburg,01_TH,2013,11265
Luxemburg,01_TH,2014,11265
Luxemburg,01_TH,2015,11265
Luxemburg,01_TH,2016,11265
Luxemburg,01_TH,2017,11265
Luxemburg,01_TH,2018,11265
Luxemburg,01_TH,2019,11265
Luxemburg,01_TH,2020,11265
Luxemburg,01_TH,2021,11265
Olanda,01_TH,2000,6922.417196
Olanda,01_TH,2001,14869.923901
Olanda,01_TH,2002,15331
Olanda,01_TH,2003,15883
Olanda,01_TH,2004,16265
Olanda,01_TH,2005,16893
Olanda,01_TH,2006,17046
Olanda,01_TH,2007,17319
Olanda,01_TH,2008,17579
Olanda,01_TH,2009,17878
Olanda,01_TH,2010,18218
Olanda,01_TH,2011,18628
Olanda,01_TH,2012,18945
Olanda,01_TH,2013,19645
Olanda,01_TH,2014,19645
Olanda,01_TH,2015,19822
Olanda,01_TH,2016,19922
Olanda,01_TH,2017,19982
Olanda,01_TH,2018,20142
Olanda,01_TH,2019,20384
Olanda,01_TH,2020,34712
Olanda,01_TH,2021,35129
Norvegia,01_TH,2000,277800
Norvegia,01_TH,2001,289000
Norvegia,01_TH,2002,320000
Norvegia,01_TH,2003,340700
Norvegia,01_TH,2004,354300
Norvegia,01_TH,2005,381000
Norvegia,01_TH,2006,394000
Norvegia,01_TH,2007,400000
Norvegia,01_TH,2008,420000
Norvegia,01_TH,2009,441000
Norvegia,01_TH,2010,456400
Norvegia,01_TH,2011,456400
Norvegia,01_TH,2012,490000
Norvegia,01_TH,2013,509600
Norvegia,01_TH,2014,527400
Norvegia,01_TH,2015,550550
Norvegia,01_TH,2016,159800
Norvegia,01_TH,2017,164100
Norvegia,01_TH,2018,169000
Norvegia,01_TH,2019,174500
Norvegia,01_TH,2020,180800
Norvegia,01_TH,2021,184800
Polonia,01_TH,2000,65472
Polonia,01_TH,2001,37024
Polonia,01_TH,2002,74048
Polonia,01_TH,2003,74048
Polonia,01_TH,2004,74048
Polonia,01_TH,2005,74048
Polonia,01_TH,2006,74048
Polonia,01_TH,2007,85528
Polonia,01_TH,2008,85528
Polonia,01_TH,2009,85528
Polonia,01_TH,2010,85528
Polonia,01_TH,2011,85528
Polonia,01_TH,2012,85528
Polonia,01_TH,2013,85528
Polonia,01_TH,2014,85528
Polonia,01_TH,2015,85528
Polonia,01_TH,2016,85528
Polonia,01_TH,2017,85528
Polonia,01_TH,2018,85528
Polonia,01_TH,2019,85528
Polonia,01_TH,2020,85528
Polonia,01_TH,2021,85528
Portugalia,01_TH,2000,3641.22
Portugalia,01_TH,2001,3990.38
Portugalia,01_TH,2002,4100.12
Portugalia,01_TH,2003,4182.12
Portugalia,01_TH,2004,4266
Portugalia,01_TH,2005,4351
Portugalia,01_TH,2006,4451
Portugalia,01_TH,2007,4454
Portugalia,01_TH,2008,4639
Portugalia,01_TH,2009,4755
Portugalia,01_TH,2010,4793
Portugalia,01_TH,2011,4898
Portugalia,01_TH,2012,4898
Portugalia,01_TH,2013,7000
Portugalia,01_TH,2014,7000
Portugalia,01_TH,2015,7000
Portugalia,01_TH,2016,7035
Portugalia,01_TH,2017,7091
Portugalia,01_TH,2018,7091
Portugalia,01_TH,2019,7091
Portugalia,01_TH,2020,7112
Portugalia,01_TH,2021,7112
Spania,01_TH,2000,3678.194079
Spania,01_TH,2001,3678
Spania,01_TH,2002,3678.19
Spania,01_TH,2003,4000
Spania,01_TH,2004,4000
Spania,01_TH,2005,4080
Spania,01_TH,2006,4161.6
Spania,01_TH,2007,17360
Spania,01_TH,2008,17707.2
Spania,01_TH,2009,17707.2
Spania,01_TH,2010,17707.2
Spania,01_TH,2011,17707.2
Spania,01_TH,2012,17707.2
Spania,01_TH,2013,17707.2
Spania,01_TH,2014,17707.2
Spania,01_TH,2015,12450
Spania,01_TH,2016,12450
Spania,01_TH,2017,12450
Spania,01_TH,2018,12450
Spania,01_TH,2019,12450
Spania,01_TH,2020,12450
Spania,01_TH,2021,12450
Suedia,01_TH,2000,232600
Suedia,01_TH,2001,252000
Suedia,01_TH,2002,273800
Suedia,01_TH,2003,284300
Suedia,01_TH,2004,291800
Suedia,01_TH,2005,298600
Suedia,01_TH,2006,306000
Suedia,01_TH,2007,316700
Suedia,01_TH,2008,328800
Suedia,01_TH,2009,367600
Suedia,01_TH,2010,372100
Suedia,01_TH,2011,383000
Suedia,01_TH,2012,401100
Suedia,01_TH,2013,413200
Suedia,01_TH,2014,420800
Suedia,01_TH,2015,430200
Suedia,01_TH,2016,430200
Suedia,01_TH,2017,438900
Suedia,01_TH,2018,455300
Suedia,01_TH,2019,490700
Suedia,01_TH,2020,509300
Suedia,01_TH,2021,523200
Elvetia,01_TH,2000,16100
Elvetia,01_TH,2001,16100
Elvetia,01_TH,2002,16100
Elvetia,01_TH,2003,16100
Elvetia,01_TH,2004,16100
Elvetia,01_TH,2005,16100
Elvetia,01_TH,2006,16900
Elvetia,01_TH,2007,16900
Elvetia,01_TH,2008,13600
Elvetia,01_TH,2009,13600
Elvetia,01_TH,2010,13600
Elvetia,01_TH,2011,14400
Elvetia,01_TH,2012,14500
Elvetia,01_TH,2013,14500
Elvetia,01_TH,2014,14500
Elvetia,01_TH,2015,14500
Elvetia,01_TH,2016,14500
Elvetia,01_TH,2017,14500
Elvetia,01_TH,2018,14500
Elvetia,01_TH,2019,14500
Elvetia,01_TH,2020,14500
Elvetia,01_TH,2021,14500
Slovenia,01_TH,2000,4770.47
Slovenia,01_TH,2001,5338.16
Slovenia,01_TH,2002,5855.96
Slovenia,01_TH,2003,6295.16
Slovenia,01_TH,2004,6653.98
Slovenia,01_TH,2005,5424.8
Slovenia,01_TH,2006,5538.72
Slovenia,01_TH,2007,6800
Slovenia,01_TH,2008,7187.6
Slovenia,01_TH,2009,7410.42
Slovenia,01_TH,2010,7528.99
Slovenia,01_TH,2011,7634.4
Slovenia,01_TH,2012,7840.53
Slovenia,01_TH,2013,8021.34
Slovenia,01_TH,2014,8021.34
Slovenia,01_TH,2015,8021.34
Slovenia,01_TH,2016,8021.34
Slovenia,01_TH,2017,8021.34
Slovenia,01_TH,2018,8021.34
Slovenia,01_TH,2019,8021.34
Slovenia,01_TH,2020,8500
Slovenia,01_TH,2021,8500
Austria,02_MR,2000,21
Austria,02_MR,2001,21
Austria,02_MR,2002,21
Austria,02_MR,2003,21
Austria,02_MR,2004,21
Austria,02_MR,2005,38.33333
Austria,02_MR,2006,38.33333
Austria,02_MR,2007,38.33333
Austria,02_MR,2008,38.33333
Austria,02_MR,2009,36.5
Austria,02_MR,2010,36.5
Austria,02_MR,2011,36.5
Austria,02_MR,2012,36.5
Austria,02_MR,2013,36.5
Austria,02_MR,2014,36.5
Austria,02_MR,2015,36.5
Austria,02_MR,2016,25
Austria,02_MR,2017,25
Austria,02_MR,2018,25
Austria,02_MR,2019,25
Austria,02_MR,2020,20
Austria,02_MR,2021,20
Belgia,02_MR,2000,30
Belgia,02_MR,2001,30
Belgia,02_MR,2002,30
Belgia,02_MR,2003,30
Belgia,02_MR,2004,30
Belgia,02_MR,2005,30
Belgia,02_MR,2006,30
Belgia,02_MR,2007,30
Belgia,02_MR,2008,30
Belgia,02_MR,2009,30
Belgia,02_MR,2010,30
Belgia,02_MR,2011,30
Belgia,02_MR,2012,30
Belgia,02_MR,2013,30
Belgia,02_MR,2014,30
Belgia,02_MR,2015,30
Belgia,02_MR,2016,30
Belgia,02_MR,2017,30
Belgia,02_MR,2018,30
Belgia,02_MR,2019,30
Belgia,02_MR,2020,40
Belgia,02_MR,2021,40
Danemarca,02_MR,2000,13
Danemarca,02_MR,2001,12.25
Danemarca,02_MR,2002,11.5
Danemarca,02_MR,2003,11.5
Danemarca,02_MR,2004,11.5
Danemarca,02_MR,2005,11.48
Danemarca,02_MR,2006,11.48
Danemarca,02_MR,2007,11.48
Danemarca,02_MR,2008,11.48
Danemarca,02_MR,2009,26.04
Danemarca,02_MR,2010,18.67
Danemarca,02_MR,2011,18.64
Danemarca,02_MR,2012,19.65
Danemarca,02_MR,2013,20.83
Danemarca,02_MR,2014,21.83
Danemarca,02_MR,2015,23.08
Danemarca,02_MR,2016,24.08
Danemarca,02_MR,2017,25.08
Danemarca,02_MR,2018,26.13
Danemarca,02_MR,2019,27.16
Danemarca,02_MR,2020,27.11
Danemarca,02_MR,2021,27.09
Finlanda,02_MR,2000,5
Finlanda,02_MR,2001,14
Finlanda,02_MR,2002,13
Finlanda,02_MR,2003,12
Finlanda,02_MR,2004,11
Finlanda,02_MR,2005,10.5
Finlanda,02_MR,2006,9
Finlanda,02_MR,2007,9
Finlanda,02_MR,2008,8.5
Finlanda,02_MR,2009,7
Finlanda,02_MR,2010,6.5
Finlanda,02_MR,2011,6.5
Finlanda,02_MR,2012,6.5
Finlanda,02_MR,2013,6.5
Finlanda,02_MR,2014,6.5
Finlanda,02_MR,2015,6.5
Finlanda,02_MR,2016,6.5
Finlanda,02_MR,2017,6.25
Finlanda,02_MR,2018,6
Finlanda,02_MR,2019,6
Finlanda,02_MR,2020,6
Finlanda,02_MR,2021,6
Franta,02_MR,2000,8.25
Franta,02_MR,2001,7.5
Franta,02_MR,2002,7.05
Franta,02_MR,2003,6.83
Franta,02_MR,2004,6.83
Franta,02_MR,2005,6.83
Franta,02_MR,2006,5.5
Franta,02_MR,2007,5.5
Franta,02_MR,2008,5.5
Franta,02_MR,2009,5.5
Franta,02_MR,2010,5.5
Franta,02_MR,2011,5.5
Franta,02_MR,2012,5.5
Franta,02_MR,2013,5.5
Franta,02_MR,2014,14
Franta,02_MR,2015,14
Franta,02_MR,2016,14
Franta,02_MR,2017,14
Franta,02_MR,2018,14
Franta,02_MR,2019,14
Franta,02_MR,2020,11
Franta,02_MR,2021,11
Grecia,02_MR,2000,5
Grecia,02_MR,2001,5
Grecia,02_MR,2002,15
Grecia,02_MR,2003,15
Grecia,02_MR,2004,15
Grecia,02_MR,2005,15
Grecia,02_MR,2006,15
Grecia,02_MR,2007,29
Grecia,02_MR,2008,27
Grecia,02_MR,2009,25
Grecia,02_MR,2010,18
Grecia,02_MR,2011,10
Grecia,02_MR,2012,10
Grecia,02_MR,2013,32
Grecia,02_MR,2014,32
Grecia,02_MR,2015,32
Grecia,02_MR,2016,29
Grecia,02_MR,2017,29
Grecia,02_MR,2018,29
Grecia,02_MR,2019,29
Grecia,02_MR,2020,22
Grecia,02_MR,2021,22
Ungaria,02_MR,2000,30
Ungaria,02_MR,2001,30
Ungaria,02_MR,2002,30
Ungaria,02_MR,2003,30
Ungaria,02_MR,2004,26
Ungaria,02_MR,2005,38
Ungaria,02_MR,2006,36
Ungaria,02_MR,2007,36
Ungaria,02_MR,2008,36
Ungaria,02_MR,2009,36
Ungaria,02_MR,2010,32
Islanda,02_MR,2000,33.41
Islanda,02_MR,2001,33.08
Islanda,02_MR,2002,32.75
Islanda,02_MR,2003,30.75
Islanda,02_MR,2004,29.75
Islanda,02_MR,2005,26.75
Islanda,02_MR,2010,27
Islanda,02_MR,2011,25.8
Islanda,02_MR,2012,25.8
Islanda,02_MR,2013,25.8
Islanda,02_MR,2014,25.3
Islanda,02_MR,2015,25.3
Islanda,02_MR,2016,23.9
Islanda,02_MR,2017,31.8
Islanda,02_MR,2018,31.8
Islanda,02_MR,2019,31.8
Islanda,02_MR,2020,22.75
Islanda,02_MR,2021,23.5
Irlanda,02_MR,2000,44
Irlanda,02_MR,2001,42
Irlanda,02_MR,2002,42
Irlanda,02_MR,2003,42
Irlanda,02_MR,2004,42
Irlanda,02_MR,2005,42
Irlanda,02_MR,2006,42
Irlanda,02_MR,2007,41
Irlanda,02_MR,2008,41
Irlanda,02_MR,2009,41
Irlanda,02_MR,2010,41
Irlanda,02_MR,2011,41
Irlanda,02_MR,2012,41
Irlanda,02_MR,2013,41
Irlanda,02_MR,2014,41
Irlanda,02_MR,2015,40
Irlanda,02_MR,2016,40
Irlanda,02_MR,2017,40
Irlanda,02_MR,2018,40
Irlanda,02_MR,2019,40
Irlanda,02_MR,2020,40
Irlanda,02_MR,2021,40
Italia,02_MR,2000,25.5
Italia,02_MR,2001,24
Italia,02_MR,2002,24
Italia,02_MR,2003,29
Italia,02_MR,2004,29
Italia,02_MR,2005,33
Italia,02_MR,2006,33
Italia,02_MR,2007,27
Italia,02_MR,2008,27
Italia,02_MR,2009,27
Italia,02_MR,2010,27
Italia,02_MR,2011,27
Italia,02_MR,2012,27
Italia,02_MR,2013,27
Italia,02_MR,2014,27
Italia,02_MR,2015,27
Italia,02_MR,2016,27
Italia,02_MR,2017,27
Italia,02_MR,2018,27
Italia,02_MR,2019,27
Italia,02_MR,2020,27
Italia,02_MR,2021,27
Luxemburg,02_MR,2000,6
Luxemburg,02_MR,2001,14
Luxemburg,02_MR,2002,8
Luxemburg,02_MR,2003,8
Luxemburg,02_MR,2004,8
Luxemburg,02_MR,2005,8
Luxemburg,02_MR,2006,8
Luxemburg,02_MR,2007,8
Luxemburg,02_MR,2008,8
Luxemburg,02_MR,2009,8
Luxemburg,02_MR,2010,8
Luxemburg,02_MR,2011,8
Luxemburg,02_MR,2012,8
Luxemburg,02_MR,2013,8
Luxemburg,02_MR,2014,8
Luxemburg,02_MR,2015,8
Luxemburg,02_MR,2016,8
Luxemburg,02_MR,2017,8
Luxemburg,02_MR,2018,8
Luxemburg,02_MR,2019,8
Luxemburg,02_MR,2020,8
Luxemburg,02_MR,2021,8
Olanda,02_MR,2000,8.55
Olanda,02_MR,2001,8.2
Olanda,02_MR,2002,8.45
Olanda,02_MR,2003,7.2
Olanda,02_MR,2004,7.95
Olanda,02_MR,2005,9.35
Olanda,02_MR,2006,9.75
Olanda,02_MR,2007,10.25
Olanda,02_MR,2008,10.7
Olanda,02_MR,2009,10.85
Olanda,02_MR,2010,10.8
Olanda,02_MR,2011,10.8
Olanda,02_MR,2012,10.8
Olanda,02_MR,2013,10.85
Olanda,02_MR,2014,10.85
Olanda,02_MR,2015,13.85
Olanda,02_MR,2016,12.25
Olanda,02_MR,2017,13.15
Olanda,02_MR,2018,13.2
Olanda,02_MR,2019,10.45
Olanda,02_MR,2020,37.35
Olanda,02_MR,2021,37.1
Norvegia,02_MR,2000,23.85
Norvegia,02_MR,2001,22.4
Norvegia,02_MR,2002,27.2
Norvegia,02_MR,2003,25.26
Norvegia,02_MR,2004,25.7
Norvegia,02_MR,2005,23.8
Norvegia,02_MR,2006,20.8
Norvegia,02_MR,2007,21.6
Norvegia,02_MR,2008,22.3
Norvegia,02_MR,2009,21.55
Norvegia,02_MR,2010,21.55
Norvegia,02_MR,2011,23.05
Norvegia,02_MR,2012,22.75
Norvegia,02_MR,2013,22.75
Norvegia,02_MR,2014,21.95
Norvegia,02_MR,2015,22.15
Norvegia,02_MR,2016,10.99
Norvegia,02_MR,2017,10.48
Norvegia,02_MR,2018,8.69
Norvegia,02_MR,2019,8.04
Norvegia,02_MR,2020,8.64
Norvegia,02_MR,2021,7.32
Polonia,02_MR,2000,40
Polonia,02_MR,2001,30
Polonia,02_MR,2002,40
Polonia,02_MR,2003,40
Polonia,02_MR,2004,40
Polonia,02_MR,2005,40
Polonia,02_MR,2006,40
Polonia,02_MR,2007,40
Polonia,02_MR,2008,40
Polonia,02_MR,2009,32
Polonia,02_MR,2010,32
Polonia,02_MR,2011,32
Polonia,02_MR,2012,32
Polonia,02_MR,2013,32
Polonia,02_MR,2014,32
Polonia,02_MR,2015,32
Polonia,02_MR,2016,32
Polonia,02_MR,2017,32
Polonia,02_MR,2018,32
Polonia,02_MR,2019,32
Polonia,02_MR,2020,32
Polonia,02_MR,2021,32
Portugalia,02_MR,2000,15
Portugalia,02_MR,2001,14
Portugalia,02_MR,2002,14
Portugalia,02_MR,2003,14
Portugalia,02_MR,2004,14
Portugalia,02_MR,2005,13
Portugalia,02_MR,2006,13
Portugalia,02_MR,2007,13
Portugalia,02_MR,2008,13
Portugalia,02_MR,2009,13
Portugalia,02_MR,2010,13.58
Portugalia,02_MR,2011,14
Portugalia,02_MR,2012,14
Portugalia,02_MR,2013,28.5
Portugalia,02_MR,2014,28.5
Portugalia,02_MR,2015,28.5
Portugalia,02_MR,2016,28.5
Portugalia,02_MR,2017,28.5
Portugalia,02_MR,2018,23
Portugalia,02_MR,2019,23
Portugalia,02_MR,2020,23
Portugalia,02_MR,2021,23
Spania,02_MR,2000,20.17
Spania,02_MR,2001,20.17
Spania,02_MR,2002,20.17
Spania,02_MR,2003,15.84
Spania,02_MR,2004,15.84
Spania,02_MR,2005,15.84
Spania,02_MR,2006,15.84
Spania,02_MR,2007,18.27
Spania,02_MR,2008,18.27
Spania,02_MR,2009,18.27
Spania,02_MR,2010,18.27
Spania,02_MR,2011,14
Spania,02_MR,2012,16
Spania,02_MR,2013,16
Spania,02_MR,2014,16
Spania,02_MR,2015,12
Spania,02_MR,2016,12
Spania,02_MR,2017,12
Spania,02_MR,2018,12
Spania,02_MR,2019,12
Spania,02_MR,2020,12
Spania,02_MR,2021,12
Suedia,02_MR,2000,20
Suedia,02_MR,2001,20
Suedia,02_MR,2002,20
Suedia,02_MR,2003,20
Suedia,02_MR,2004,20
Suedia,02_MR,2005,20
Suedia,02_MR,2006,20
Suedia,02_MR,2007,20
Suedia,02_MR,2008,20
Suedia,02_MR,2009,20
Suedia,02_MR,2010,20
Suedia,02_MR,2011,20
Suedia,02_MR,2012,20
Suedia,02_MR,2013,20
Suedia,02_MR,2014,20
Suedia,02_MR,2015,20
Suedia,02_MR,2016,20
Suedia,02_MR,2017,20
Suedia,02_MR,2018,20
Suedia,02_MR,2019,20
Suedia,02_MR,2020,20
Suedia,02_MR,2021,20
Elvetia,02_MR,2000,0.77
Elvetia,02_MR,2001,0.77
Elvetia,02_MR,2002,0.77
Elvetia,02_MR,2003,0.77
Elvetia,02_MR,2004,0.77
Elvetia,02_MR,2005,0.77
Elvetia,02_MR,2006,0.77
Elvetia,02_MR,2007,0.77
Elvetia,02_MR,2008,0.77
Elvetia,02_MR,2009,0.77
Elvetia,02_MR,2010,0.77
Elvetia,02_MR,2011,0.77
Elvetia,02_MR,2012,0.77
Elvetia,02_MR,2013,0.77
Elvetia,02_MR,2014,0.77
Elvetia,02_MR,2015,0.77
Elvetia,02_MR,2016,0.77
Elvetia,02_MR,2017,0.77
Elvetia,02_MR,2018,0.77
Elvetia,02_MR,2019,0.77
Elvetia,02_MR,2020,0.77
Elvetia,02_MR,2021,0.77
Slovenia,02_MR,2000,35
Slovenia,02_MR,2001,35
Slovenia,02_MR,2002,35
Slovenia,02_MR,2003,35
Slovenia,02_MR,2004,35
Slovenia,02_MR,2005,33
Slovenia,02_MR,2006,33
Slovenia,02_MR,2007,27
Slovenia,02_MR,2008,27
Slovenia,02_MR,2009,27
Slovenia,02_MR,2010,27
Slovenia,02_MR,2011,27
Slovenia,02_MR,2012,27
Slovenia,02_MR,2013,27
Slovenia,02_MR,2014,27
Slovenia,02_MR,2015,27
Slovenia,02_MR,2016,27
Slovenia,02_MR,2017,27
Slovenia,02_MR,2018,27
Slovenia,02_MR,2019,27
Slovenia,02_MR,2020,26
Slovenia,02_MR,2021,26
Austria,02_TH,2000,7267.3
Austria,02_TH,2001,7267.3
Austria,02_TH,2002,7270
Austria,02_TH,2003,7270
Austria,02_TH,2004,7270
Austria,02_TH,2005,25000
Austria,02_TH,2006,25000
Austria,02_TH,2007,25000
Austria,02_TH,2008,25000
Austria,02_TH,2009,25000
Austria,02_TH,2010,25000
Austria,02_TH,2011,25000
Austria,02_TH,2012,25000
Austria,02_TH,2013,25000
Austria,02_TH,2014,25000
Austria,02_TH,2015,25000
Austria,02_TH,2016,18000
Austria,02_TH,2017,18000
Austria,02_TH,2018,18000
Austria,02_TH,2019,18000
Austria,02_TH,2020,18000
Austria,02_TH,2021,18000
Belgia,02_TH,2000,8477.9585
Belgia,02_TH,2001,8710
Belgia,02_TH,2002,8920
Belgia,02_TH,2003,9740
Belgia,02_TH,2004,9890
Belgia,02_TH,2005,10100
Belgia,02_TH,2006,10380
Belgia,02_TH,2007,10570
Belgia,02_TH,2008,10760
Belgia,02_TH,2009,11250
Belgia,02_TH,2010,11240
Belgia,02_TH,2011,11480
Belgia,02_TH,2012,11890
Belgia,02_TH,2013,12220
Belgia,02_TH,2014,12360
Belgia,02_TH,2015,12400
Belgia,02_TH,2016,12470
Belgia,02_TH,2017,12720
Belgia,02_TH,2018,12990
Belgia,02_TH,2019,13250
Belgia,02_TH,2020,23720
Belgia,02_TH,2021,23900
Danemarca,02_TH,2000,267600
Danemarca,02_TH,2001,276900
Danemarca,02_TH,2002,285200
Danemarca,02_TH,2003,295300
Danemarca,02_TH,2004,304800
Danemarca,02_TH,2005,311500
Danemarca,02_TH,2006,318700
Danemarca,02_TH,2007,327200
Danemarca,02_TH,2008,335800
Finlanda,02_TH,2000,10696.8
Finlanda,02_TH,2001,14296
Finlanda,02_TH,2002,14300
Finlanda,02_TH,2003,14400
Finlanda,02_TH,2004,14500
Finlanda,02_TH,2005,15400
Finlanda,02_TH,2006,17000
Finlanda,02_TH,2007,20400
Finlanda,02_TH,2008,20800
Finlanda,02_TH,2009,21700
Finlanda,02_TH,2010,22600
Finlanda,02_TH,2011,23200
Finlanda,02_TH,2012,23900
Finlanda,02_TH,2013,23900
Finlanda,02_TH,2014,24300
Finlanda,02_TH,2015,24700
Finlanda,02_TH,2016,25000
Finlanda,02_TH,2017,25300
Finlanda,02_TH,2018,25700
Finlanda,02_TH,2019,26400
Finlanda,02_TH,2020,27200
Finlanda,02_TH,2021,27900
Franta,02_TH,2000,7976
Franta,02_TH,2001,8104
Franta,02_TH,2002,8242
Franta,02_TH,2003,8382
Franta,02_TH,2004,8524
Franta,02_TH,2005,8677
Franta,02_TH,2006,11198
Franta,02_TH,2007,11344
Franta,02_TH,2008,11673
Franta,02_TH,2009,11720
Franta,02_TH,2010,11896
Franta,02_TH,2011,11896
Franta,02_TH,2012,11896
Franta,02_TH,2013,11991
Franta,02_TH,2014,26764
Franta,02_TH,2015,26791
Franta,02_TH,2016,26818
Franta,02_TH,2017,27086
Franta,02_TH,2018,27519
Franta,02_TH,2019,27794
Franta,02_TH,2020,25710
Franta,02_TH,2021,26070
Grecia,02_TH,2000,7953.04
Grecia,02_TH,2001,8352
Grecia,02_TH,2002,13400
Grecia,02_TH,2003,13400
Grecia,02_TH,2004,13400
Grecia,02_TH,2005,13000
Grecia,02_TH,2006,13000
Grecia,02_TH,2007,30000
Grecia,02_TH,2008,30000
Grecia,02_TH,2009,30000
Grecia,02_TH,2010,16000
Grecia,02_TH,2011,12000
Grecia,02_TH,2012,12000
Grecia,02_TH,2013,42000
Grecia,02_TH,2014,42000
Grecia,02_TH,2015,42000
Grecia,02_TH,2016,30000
Grecia,02_TH,2017,30000
Grecia,02_TH,2018,30000
Grecia,02_TH,2019,30000
Grecia,02_TH,2020,20000
Grecia,02_TH,2021,20000
Ungaria,02_TH,2000,1000000
Ungaria,02_TH,2001,1050000
Ungaria,02_TH,2002,1200000
Ungaria,02_TH,2003,1350000
Ungaria,02_TH,2004,1500000
Islanda,02_TH,2010,7800000
Islanda,02_TH,2011,8166600
Islanda,02_TH,2012,8452400
Islanda,02_TH,2013,8874108
Islanda,02_TH,2014,9415428
Islanda,02_TH,2015,10036847
Islanda,02_TH,2016,10043880
Islanda,02_TH,2020,11350476
Islanda,02_TH,2021,11758164
Italia,02_TH,2000,15494
Italia,02_TH,2001,15494
Italia,02_TH,2002,15493.71
Italia,02_TH,2003,29000
Italia,02_TH,2004,29000
Italia,02_TH,2005,33500
Italia,02_TH,2006,33500
Italia,02_TH,2007,28000
Italia,02_TH,2008,28000
Italia,02_TH,2009,28000
Italia,02_TH,2010,28000
Italia,02_TH,2011,28000
Italia,02_TH,2012,28000
Italia,02_TH,2013,28000
Italia,02_TH,2014,28000
Italia,02_TH,2015,28000
Italia,02_TH,2016,28000
Italia,02_TH,2017,28000
Italia,02_TH,2018,28000
Italia,02_TH,2019,28000
Italia,02_TH,2020,28000
Italia,02_TH,2021,28000
Luxemburg,02_TH,2000,8775.43078
Luxemburg,02_TH,2001,11378.312787
Luxemburg,02_TH,2002,11400
Luxemburg,02_TH,2003,11400
Luxemburg,02_TH,2004,11400
Luxemburg,02_TH,2005,11400
Luxemburg,02_TH,2006,11400
Luxemburg,02_TH,2007,11400
Luxemburg,02_TH,2008,12084
Luxemburg,02_TH,2009,13173
Luxemburg,02_TH,2010,13173
Luxemburg,02_TH,2011,13173
Luxemburg,02_TH,2012,13173
Luxemburg,02_TH,2013,13173
Luxemburg,02_TH,2014,13173
Luxemburg,02_TH,2015,13173
Luxemburg,02_TH,2016,13173
Luxemburg,02_TH,2017,13137
Luxemburg,02_TH,2018,13137
Luxemburg,02_TH,2019,13137
Luxemburg,02_TH,2020,13137
Luxemburg,02_TH,2021,13137
Olanda,02_TH,2000,22232.507907
Olanda,02_TH,2001,27008.923901
Olanda,02_TH,2002,27847
Olanda,02_TH,2003,28850
Olanda,02_TH,2004,29543
Olanda,02_TH,2005,30357
Olanda,02_TH,2006,30631
Olanda,02_TH,2007,31122
Olanda,02_TH,2008,31589
Olanda,02_TH,2009,32127
Olanda,02_TH,2010,32738
Olanda,02_TH,2011,33436
Olanda,02_TH,2012,33863
Olanda,02_TH,2013,33363
Olanda,02_TH,2014,33363
Olanda,02_TH,2015,33589
Olanda,02_TH,2016,33715
Olanda,02_TH,2017,33791
Olanda,02_TH,2018,33994
Olanda,02_TH,2019,34300
Olanda,02_TH,2020,68507
Olanda,02_TH,2021,68507
Norvegia,02_TH,2000,762700
Norvegia,02_TH,2001,793000
Norvegia,02_TH,2002,830000
Norvegia,02_TH,2003,872000
Norvegia,02_TH,2004,906900
Norvegia,02_TH,2005,800000
Norvegia,02_TH,2006,750000
Norvegia,02_TH,2007,650000
Norvegia,02_TH,2008,682500
Norvegia,02_TH,2009,716600
Norvegia,02_TH,2010,741700
Norvegia,02_TH,2011,741700
Norvegia,02_TH,2012,796400
Norvegia,02_TH,2013,828300
Norvegia,02_TH,2014,857300
Norvegia,02_TH,2015,885600
Norvegia,02_TH,2016,224900
Norvegia,02_TH,2017,230950
Norvegia,02_TH,2018,237900
Norvegia,02_TH,2019,245650
Norvegia,02_TH,2020,254500
Norvegia,02_TH,2021,260100
Polonia,02_TH,2001,74048
Portugalia,02_TH,2000,5731.19
Portugalia,02_TH,2001,6035.45
Portugalia,02_TH,2002,6201.42
Portugalia,02_TH,2003,6325.45
Portugalia,02_TH,2004,6452
Portugalia,02_TH,2005,6581
Portugalia,02_TH,2006,6732
Portugalia,02_TH,2007,6873
Portugalia,02_TH,2008,7017
Portugalia,02_TH,2009,7192
Portugalia,02_TH,2010,7250
Portugalia,02_TH,2011,7410
Portugalia,02_TH,2012,7410
Portugalia,02_TH,2013,20000
Portugalia,02_TH,2014,20000
Portugalia,02_TH,2015,20000
Portugalia,02_TH,2016,20100
Portugalia,02_TH,2017,20261
Portugalia,02_TH,2018,10700
Portugalia,02_TH,2019,10700
Portugalia,02_TH,2020,10732
Portugalia,02_TH,2021,10732
Spania,02_TH,2000,12873.679276
Spania,02_TH,2001,12874
Spania,02_TH,2002,12873.68
Spania,02_TH,2003,13800
Spania,02_TH,2004,13800
Spania,02_TH,2005,14076
Spania,02_TH,2006,14357.52
Spania,02_TH,2007,32360
Spania,02_TH,2008,33007.2
Spania,02_TH,2009,33007.2
Spania,02_TH,2010,33007.2
Spania,02_TH,2011,33007.2
Spania,02_TH,2012,33007.2
Spania,02_TH,2013,33007.2
Spania,02_TH,2014,33007.2
Spania,02_TH,2015,20200
Spania,02_TH,2016,20200
Spania,02_TH,2017,20200
Spania,02_TH,2018,20200
Spania,02_TH,2019,20200
Spania,02_TH,2020,20200
Spania,02_TH,2021,20200
Suedia,02_TH,2000,374000
Suedia,02_TH,2001,390400
Suedia,02_TH,2002,414200
Suedia,02_TH,2003,430000
Suedia,02_TH,2004,441300
Suedia,02_TH,2005,450500
Suedia,02_TH,2006,460600
Suedia,02_TH,2007,476700
Suedia,02_TH,2008,495000
Suedia,02_TH,2009,526200
Suedia,02_TH,2010,532700
Suedia,02_TH,2011,548300
Suedia,02_TH,2012,574300
Suedia,02_TH,2013,591600
Suedia,02_TH,2014,602600
Suedia,02_TH,2015,616100
Suedia,02_TH,2016,625800
Suedia,02_TH,2017,638500
Suedia,02_TH,2018,662300
Suedia,02_TH,2019,689300
Elvetia,02_TH,2000,27900
Elvetia,02_TH,2001,27900
Elvetia,02_TH,2002,27900
Elvetia,02_TH,2003,27900
Elvetia,02_TH,2004,27900
Elvetia,02_TH,2005,27900
Elvetia,02_TH,2006,29800
Elvetia,02_TH,2007,29800
Elvetia,02_TH,2008,29800
Elvetia,02_TH,2009,29800
Elvetia,02_TH,2010,29800
Elvetia,02_TH,2011,31500
Elvetia,02_TH,2012,31600
Elvetia,02_TH,2013,31600
Elvetia,02_TH,2014,31600
Elvetia,02_TH,2015,31600
Elvetia,02_TH,2016,31600
Elvetia,02_TH,2017,31600
Elvetia,02_TH,2018,31600
Elvetia,02_TH,2019,31600
Elvetia,02_TH,2020,31600
Elvetia,02_TH,2021,31600
Slovenia,02_TH,2000,9540.94
Slovenia,02_TH,2001,10676.31
Slovenia,02_TH,2002,11711.91
Slovenia,02_TH,2003,12590.3
Slovenia,02_TH,2004,13307.95
Slovenia,02_TH,2005,10599.23
Slovenia,02_TH,2006,10821.82
Slovenia,02_TH,2007,13600
Slovenia,02_TH,2008,14375.2
Slovenia,02_TH,2009,14820.83
Slovenia,02_TH,2010,15057.96
Slovenia,02_TH,2011,15268.77
Slovenia,02_TH,2012,15681.03
Slovenia,02_TH,2013,18960.28
Slovenia,02_TH,2014,18960.28
Slovenia,02_TH,2015,18960.28
Slovenia,02_TH,2016,20400
Slovenia,02_TH,2017,20400
Slovenia,02_TH,2018,20400
Slovenia,02_TH,2019,20400
Slovenia,02_TH,2020,25000
Slovenia,02_TH,2021,25000
Austria,03_MR,2000,31
Austria,03_MR,2001,31
Austria,03_MR,2002,31
Austria,03_MR,2003,31
Austria,03_MR,2004,31
Austria,03_MR,2005,43.59615
Austria,03_MR,2006,43.59615
Austria,03_MR,2007,43.59615
Austria,03_MR,2008,43.59615
Austria,03_MR,2009,43.214
Austria,03_MR,2010,43.214
Austria,03_MR,2011,43.214
Austria,03_MR,2012,43.214
Austria,03_MR,2013,43.214
Austria,03_MR,2014,43.2143
Austria,03_MR,2015,43.2143
Austria,03_MR,2016,35
Austria,03_MR,2017,35
Austria,03_MR,2018,35
Austria,03_MR,2019,35
Austria,03_MR,2020,35
Austria,03_MR,2021,35
Belgia,03_MR,2000,40
Belgia,03_MR,2001,40
Belgia,03_MR,2002,40
Belgia,03_MR,2003,40
Belgia,03_MR,2004,40
Belgia,03_MR,2005,40
Belgia,03_MR,2006,40
Belgia,03_MR,2007,40
Belgia,03_MR,2008,40
Belgia,03_MR,2009,40
Belgia,03_MR,2010,40
Belgia,03_MR,2011,40
Belgia,03_MR,2012,40
Belgia,03_MR,2013,40
Belgia,03_MR,2014,40
Belgia,03_MR,2015,40
Belgia,03_MR,2016,40
Belgia,03_MR,2017,40
Belgia,03_MR,2018,40
Belgia,03_MR,2019,40
Belgia,03_MR,2020,45
Belgia,03_MR,2021,45
Danemarca,03_MR,2000,28
Danemarca,03_MR,2001,27.25
Danemarca,03_MR,2002,26.5
Danemarca,03_MR,2003,26.5
Danemarca,03_MR,2004,26.6
Danemarca,03_MR,2005,26.48
Danemarca,03_MR,2006,26.48
Danemarca,03_MR,2007,26.48
Danemarca,03_MR,2008,26.48
Finlanda,03_MR,2000,15
Finlanda,03_MR,2001,18
Finlanda,03_MR,2002,17
Finlanda,03_MR,2003,16
Finlanda,03_MR,2004,15
Finlanda,03_MR,2005,15
Finlanda,03_MR,2006,14
Finlanda,03_MR,2007,19.5
Finlanda,03_MR,2008,19
Finlanda,03_MR,2009,18
Finlanda,03_MR,2010,17.5
Finlanda,03_MR,2011,17.5
Finlanda,03_MR,2012,17.5
Finlanda,03_MR,2013,17.5
Finlanda,03_MR,2014,17.5
Finlanda,03_MR,2015,17.5
Finlanda,03_MR,2016,17.5
Finlanda,03_MR,2017,17.5
Finlanda,03_MR,2018,17.25
Finlanda,03_MR,2019,17.25
Finlanda,03_MR,2020,17.25
Finlanda,03_MR,2021,17.25
Franta,03_MR,2000,21.75
Franta,03_MR,2001,21
Franta,03_MR,2002,19.74
Franta,03_MR,2003,19.14
Franta,03_MR,2004,19.14
Franta,03_MR,2005,19.14
Franta,03_MR,2006,14
Franta,03_MR,2007,14
Franta,03_MR,2008,14
Franta,03_MR,2009,14
Franta,03_MR,2010,14
Franta,03_MR,2011,14
Franta,03_MR,2012,14
Franta,03_MR,2013,14
Franta,03_MR,2014,30
Franta,03_MR,2015,30
Franta,03_MR,2016,30
Franta,03_MR,2017,30
Franta,03_MR,2018,30
Franta,03_MR,2019,30
Franta,03_MR,2020,30
Franta,03_MR,2021,30
Grecia,03_MR,2000,15
Grecia,03_MR,2001,15
Grecia,03_MR,2002,30
Grecia,03_MR,2003,30
Grecia,03_MR,2004,30
Grecia,03_MR,2005,30
Grecia,03_MR,2006,30
Grecia,03_MR,2007,39
Grecia,03_MR,2008,37
Grecia,03_MR,2009,35
Grecia,03_MR,2010,24
Grecia,03_MR,2011,18
Grecia,03_MR,2012,18
Grecia,03_MR,2013,42
Grecia,03_MR,2014,42
Grecia,03_MR,2015,42
Grecia,03_MR,2016,37
Grecia,03_MR,2017,37
Grecia,03_MR,2018,37
Grecia,03_MR,2019,37
Grecia,03_MR,2020,28
Grecia,03_MR,2021,28
Ungaria,03_MR,2000,40
Ungaria,03_MR,2001,40
Ungaria,03_MR,2002,40
Ungaria,03_MR,2003,40
Ungaria,03_MR,2004,38
Islanda,03_MR,2010,33
Islanda,03_MR,2011,31.8
Islanda,03_MR,2012,31.8
Islanda,03_MR,2013,31.8
Islanda,03_MR,2014,31.8
Islanda,03_MR,2015,31.8
Islanda,03_MR,2016,31.8
Islanda,03_MR,2020,31.8
Islanda,03_MR,2021,31.8
Italia,03_MR,2000,33.5
Italia,03_MR,2001,32
Italia,03_MR,2002,32
Italia,03_MR,2003,31
Italia,03_MR,2004,31
Italia,03_MR,2005,39
Italia,03_MR,2006,39
Italia,03_MR,2007,38
Italia,03_MR,2008,38
Italia,03_MR,2009,38
Italia,03_MR,2010,38
Italia,03_MR,2011,38
Italia,03_MR,2012,38
Italia,03_MR,2013,38
Italia,03_MR,2014,38
Italia,03_MR,2015,38
Italia,03_MR,2016,38
Italia,03_MR,2017,38
Italia,03_MR,2018,38
Italia,03_MR,2019,38
Italia,03_MR,2020,38
Italia,03_MR,2021,38
Luxemburg,03_MR,2000,16
Luxemburg,03_MR,2001,16
Luxemburg,03_MR,2002,10
Luxemburg,03_MR,2003,10
Luxemburg,03_MR,2004,10
Luxemburg,03_MR,2005,10
Luxemburg,03_MR,2006,10
Luxemburg,03_MR,2007,10
Luxemburg,03_MR,2008,10
Luxemburg,03_MR,2009,10
Luxemburg,03_MR,2010,10
Luxemburg,03_MR,2011,10
Luxemburg,03_MR,2012,10
Luxemburg,03_MR,2013,10
Luxemburg,03_MR,2014,10
Luxemburg,03_MR,2015,10
Luxemburg,03_MR,2016,10
Luxemburg,03_MR,2017,9
Luxemburg,03_MR,2018,9
Luxemburg,03_MR,2019,9
Luxemburg,03_MR,2020,9
Luxemburg,03_MR,2021,9
Olanda,03_MR,2000,50
Olanda,03_MR,2001,42
Olanda,03_MR,2002,42
Olanda,03_MR,2003,42
Olanda,03_MR,2004,42
Olanda,03_MR,2005,42
Olanda,03_MR,2006,42
Olanda,03_MR,2007,42
Olanda,03_MR,2008,42
Olanda,03_MR,2009,42
Olanda,03_MR,2010,42
Olanda,03_MR,2011,42
Olanda,03_MR,2012,42
Olanda,03_MR,2013,42
Olanda,03_MR,2014,42
Olanda,03_MR,2015,42
Olanda,03_MR,2016,40.4
Olanda,03_MR,2017,40.8
Olanda,03_MR,2018,40.85
Olanda,03_MR,2019,38.1
Olanda,03_MR,2020,49.5
Olanda,03_MR,2021,49.5
Norvegia,03_MR,2000,29.85
Norvegia,03_MR,2001,28.4
Norvegia,03_MR,2002,33.2
Norvegia,03_MR,2003,31.26
Norvegia,03_MR,2004,31.7
Norvegia,03_MR,2005,27.3
Norvegia,03_MR,2006,23.8
Norvegia,03_MR,2007,24.6
Norvegia,03_MR,2008,25.3
Norvegia,03_MR,2009,24.55
Norvegia,03_MR,2010,24.55
Norvegia,03_MR,2011,26.05
Norvegia,03_MR,2012,25.75
Norvegia,03_MR,2013,25.75
Norvegia,03_MR,2014,24.95
Norvegia,03_MR,2015,25.15
Norvegia,03_MR,2016,12.25
Norvegia,03_MR,2017,11.96
Norvegia,03_MR,2018,11.85
Norvegia,03_MR,2019,12.05
Norvegia,03_MR,2020,12.65
Norvegia,03_MR,2021,11.15
Polonia,03_MR,2001,40
Portugalia,03_MR,2000,25
Portugalia,03_MR,2001,24
Portugalia,03_MR,2002,24
Portugalia,03_MR,2003,24
Portugalia,03_MR,2004,24
Portugalia,03_MR,2005,23.5
Portugalia,03_MR,2006,23.5
Portugalia,03_MR,2007,23.5
Portugalia,03_MR,2008,23.5
Portugalia,03_MR,2009,23.5
Portugalia,03_MR,2010,24.08
Portugalia,03_MR,2011,24.5
Portugalia,03_MR,2012,24.5
Portugalia,03_MR,2013,37
Portugalia,03_MR,2014,37
Portugalia,03_MR,2015,37
Portugalia,03_MR,2016,37
Portugalia,03_MR,2017,37
Portugalia,03_MR,2018,28.5
Portugalia,03_MR,2019,28.5
Portugalia,03_MR,2020,28.5
Portugalia,03_MR,2021,28.5
Spania,03_MR,2000,23.57
Spania,03_MR,2001,23.57
Spania,03_MR,2002,23.57
Spania,03_MR,2003,18.68
Spania,03_MR,2004,18.68
Spania,03_MR,2005,18.68
Spania,03_MR,2006,18.68
Spania,03_MR,2007,24.14
Spania,03_MR,2008,24.14
Spania,03_MR,2009,24.14
Spania,03_MR,2010,24.14
Spania,03_MR,2011,18.5
Spania,03_MR,2012,21.5
Spania,03_MR,2013,21.5
Spania,03_MR,2014,21.5
Spania,03_MR,2015,15
Spania,03_MR,2016,15
Spania,03_MR,2017,15
Spania,03_MR,2018,15
Spania,03_MR,2019,15
Spania,03_MR,2020,15
Spania,03_MR,2021,15
Suedia,03_MR,2000,25
Suedia,03_MR,2001,25
Suedia,03_MR,2002,25
Suedia,03_MR,2003,25
Suedia,03_MR,2004,25
Suedia,03_MR,2005,25
Suedia,03_MR,2006,25
Suedia,03_MR,2007,25
Suedia,03_MR,2008,25
Suedia,03_MR,2009,25
Suedia,03_MR,2010,25
Suedia,03_MR,2011,25
Suedia,03_MR,2012,25
Suedia,03_MR,2013,25
Suedia,03_MR,2014,25
Suedia,03_MR,2015,25
Suedia,03_MR,2016,25
Suedia,03_MR,2017,25
Suedia,03_MR,2018,25
Suedia,03_MR,2019,25
Elvetia,03_MR,2000,0.88
Elvetia,03_MR,2001,0.88
Elvetia,03_MR,2002,0.88
Elvetia,03_MR,2003,0.88
Elvetia,03_MR,2004,0.88
Elvetia,03_MR,2005,0.88
Elvetia,03_MR,2006,0.88
Elvetia,03_MR,2007,0.88
Elvetia,03_MR,2008,0.88
Elvetia,03_MR,2009,0.88
Elvetia,03_MR,2010,0.88
Elvetia,03_MR,2011,0.88
Elvetia,03_MR,2012,0.88
Elvetia,03_MR,2013,0.88
Elvetia,03_MR,2014,0.88
Elvetia,03_MR,2015,0.88
Elvetia,03_MR,2016,0.88
Elvetia,03_MR,2017,0.88
Elvetia,03_MR,2018,0.88
Elvetia,03_MR,2019,0.88
Elvetia,03_MR,2020,0.88
Elvetia,03_MR,2021,0.88
Slovenia,03_MR,2000,37
Slovenia,03_MR,2001,37
Slovenia,03_MR,2002,37
Slovenia,03_MR,2003,37
Slovenia,03_MR,2004,37
Slovenia,03_MR,2005,38
Slovenia,03_MR,2006,37
Slovenia,03_MR,2007,41
Slovenia,03_MR,2008,41
Slovenia,03_MR,2009,41
Slovenia,03_MR,2010,41
Slovenia,03_MR,2011,41
Slovenia,03_MR,2012,41
Slovenia,03_MR,2013,41
Slovenia,03_MR,2014,41
Slovenia,03_MR,2015,41
Slovenia,03_MR,2016,41
Slovenia,03_MR,2017,34
Slovenia,03_MR,2018,34
Slovenia,03_MR,2019,34
Slovenia,03_MR,2020,33
Slovenia,03_MR,2021,33
Austria,03_TH,2000,8866.1
Austria,03_TH,2001,8866.1
Austria,03_TH,2002,21800
Austria,03_TH,2003,21800
Austria,03_TH,2004,21800
Austria,03_TH,2005,51000
Austria,03_TH,2006,51000
Austria,03_TH,2007,51000
Austria,03_TH,2008,51000
Austria,03_TH,2009,60000
Austria,03_TH,2010,60000
Austria,03_TH,2011,60000
Austria,03_TH,2012,60000
Austria,03_TH,2013,60000
Austria,03_TH,2014,60000
Austria,03_TH,2015,60000
Austria,03_TH,2016,31000
Austria,03_TH,2017,31000
Austria,03_TH,2018,31000
Austria,03_TH,2019,31000
Austria,03_TH,2020,31000
Austria,03_TH,2021,31000
Belgia,03_TH,2000,12097.204
Belgia,03_TH,2001,12420
Belgia,03_TH,2002,12720
Belgia,03_TH,2003,14530
Belgia,03_TH,2004,16480
Belgia,03_TH,2005,16830
Belgia,03_TH,2006,17300
Belgia,03_TH,2007,17610
Belgia,03_TH,2008,17930
Belgia,03_TH,2009,18740
Belgia,03_TH,2010,18730
Belgia,03_TH,2011,19130
Belgia,03_TH,2012,19810
Belgia,03_TH,2013,20370
Belgia,03_TH,2014,20600
Belgia,03_TH,2015,20660
Belgia,03_TH,2016,20760
Belgia,03_TH,2017,21190
Belgia,03_TH,2018,21640
Belgia,03_TH,2019,22080
Belgia,03_TH,2020,41060
Belgia,03_TH,2021,41360
Finlanda,03_TH,2000,13623.2
Finlanda,03_TH,2001,19678
Finlanda,03_TH,2002,19700
Finlanda,03_TH,2003,20000
Finlanda,03_TH,2004,20200
Finlanda,03_TH,2005,20500
Finlanda,03_TH,2006,20000
Finlanda,03_TH,2007,33400
Finlanda,03_TH,2008,34000
Finlanda,03_TH,2009,35300
Finlanda,03_TH,2010,36800
Finlanda,03_TH,2011,37800
Finlanda,03_TH,2012,39100
Finlanda,03_TH,2013,39100
Finlanda,03_TH,2014,39700
Finlanda,03_TH,2015,40300
Finlanda,03_TH,2016,40800
Finlanda,03_TH,2017,41200
Finlanda,03_TH,2018,42400
Finlanda,03_TH,2019,43500
Finlanda,03_TH,2020,44800
Finlanda,03_TH,2021,45900
Franta,03_TH,2000,14039
Franta,03_TH,2001,14264
Franta,03_TH,2002,14506
Franta,03_TH,2003,14753
Franta,03_TH,2004,15004
Franta,03_TH,2005,15274
Franta,03_TH,2006,24872
Franta,03_TH,2007,25195
Franta,03_TH,2008,25926
Franta,03_TH,2009,26030
Franta,03_TH,2010,26420
Franta,03_TH,2011,26420
Franta,03_TH,2012,26420
Franta,03_TH,2013,26631
Franta,03_TH,2014,71754
Franta,03_TH,2015,71826
Franta,03_TH,2016,71898
Franta,03_TH,2017,72617
Franta,03_TH,2018,73779
Franta,03_TH,2019,74517
Franta,03_TH,2020,73516
Franta,03_TH,2021,74545
Grecia,03_TH,2000,12721.94
Grecia,03_TH,2001,13359
Grecia,03_TH,2002,23400
Grecia,03_TH,2003,23400
Grecia,03_TH,2004,23400
Grecia,03_TH,2005,23000
Grecia,03_TH,2006,23000
Grecia,03_TH,2007,75000
Grecia,03_TH,2008,75000
Grecia,03_TH,2009,75000
Grecia,03_TH,2010,22000
Grecia,03_TH,2011,16000
Grecia,03_TH,2012,16000
Grecia,03_TH,2016,40000
Grecia,03_TH,2017,40000
Grecia,03_TH,2018,40000
Grecia,03_TH,2019,40000
Grecia,03_TH,2020,30000
Grecia,03_TH,2021,30000
Italia,03_TH,2000,30987
Italia,03_TH,2001,30987
Italia,03_TH,2002,30987
Italia,03_TH,2003,32600
Italia,03_TH,2004,32600
Italia,03_TH,2005,100000
Italia,03_TH,2006,100000
Italia,03_TH,2007,55000
Italia,03_TH,2008,55000
Italia,03_TH,2009,55000
Italia,03_TH,2010,55000
Italia,03_TH,2011,55000
Italia,03_TH,2012,55000
Italia,03_TH,2013,55000
Italia,03_TH,2014,55000
Italia,03_TH,2015,55000
Italia,03_TH,2016,55000
Italia,03_TH,2017,55000
Italia,03_TH,2018,55000
Italia,03_TH,2019,55000
Italia,03_TH,2020,55000
Italia,03_TH,2021,55000
Luxemburg,03_TH,2000,10485.8961
Luxemburg,03_TH,2001,13088.778108
Luxemburg,03_TH,2002,13050
Luxemburg,03_TH,2003,13050
Luxemburg,03_TH,2004,13050
Luxemburg,03_TH,2005,13050
Luxemburg,03_TH,2006,13050
Luxemburg,03_TH,2007,13050
Luxemburg,03_TH,2008,13833
Luxemburg,03_TH,2009,15081
Luxemburg,03_TH,2010,15081
Luxemburg,03_TH,2011,15081
Luxemburg,03_TH,2012,15081
Luxemburg,03_TH,2013,15081
Luxemburg,03_TH,2014,15081
Luxemburg,03_TH,2015,15081
Luxemburg,03_TH,2016,15081
Luxemburg,03_TH,2017,15009
Luxemburg,03_TH,2018,15009
Luxemburg,03_TH,2019,15009
Luxemburg,03_TH,2020,15009
Luxemburg,03_TH,2021,15009
Olanda,03_TH,2000,48897.540965
Olanda,03_TH,2001,46308.923901
Olanda,03_TH,2002,47746
Olanda,03_TH,2003,49464
Olanda,03_TH,2004,50652
Olanda,03_TH,2005,51762
Olanda,03_TH,2006,52228
Olanda,03_TH,2007,53064
Olanda,03_TH,2008,53860
Olanda,03_TH,2009,54776
Olanda,03_TH,2010,54367
Olanda,03_TH,2011,55694
Olanda,03_TH,2012,56491
Olanda,03_TH,2013,55991
Olanda,03_TH,2014,56531
Olanda,03_TH,2015,57585
Olanda,03_TH,2016,66421
Olanda,03_TH,2017,67072
Olanda,03_TH,2018,68507
Olanda,03_TH,2019,68507
Portugalia,03_TH,2000,14165.86
Portugalia,03_TH,2001,14963.94
Portugalia,03_TH,2002,15375.45
Portugalia,03_TH,2003,15682.96
Portugalia,03_TH,2004,15997
Portugalia,03_TH,2005,16317
Portugalia,03_TH,2006,16692
Portugalia,03_TH,2007,17043
Portugalia,03_TH,2008,17401
Portugalia,03_TH,2009,17836
Portugalia,03_TH,2010,17979
Portugalia,03_TH,2011,18375
Portugalia,03_TH,2012,18375
Portugalia,03_TH,2013,40000
Portugalia,03_TH,2014,40000
Portugalia,03_TH,2015,40000
Portugalia,03_TH,2016,40200
Portugalia,03_TH,2017,40522
Portugalia,03_TH,2018,20261
Portugalia,03_TH,2019,20261
Portugalia,03_TH,2020,20322
Portugalia,03_TH,2021,20322
Spania,03_TH,2000,25134.326205
Spania,03_TH,2001,25134
Spania,03_TH,2002,25134.33
Spania,03_TH,2003,25800
Spania,03_TH,2004,25800
Spania,03_TH,2005,26316
Spania,03_TH,2006,26842.32
Spania,03_TH,2007,52360
Spania,03_TH,2008,53407.2
Spania,03_TH,2009,53407.2
Spania,03_TH,2010,53407.2
Spania,03_TH,2011,53407.2
Spania,03_TH,2012,53407.2
Spania,03_TH,2013,53407.2
Spania,03_TH,2014,53407.2
Spania,03_TH,2015,34000
Spania,03_TH,2016,35200
Spania,03_TH,2017,35200
Spania,03_TH,2018,35200
Spania,03_TH,2019,35200
Spania,03_TH,2020,35200
Spania,03_TH,2021,35200
Elvetia,03_TH,2000,36500
Elvetia,03_TH,2001,36500
Elvetia,03_TH,2002,36500
Elvetia,03_TH,2003,36500
Elvetia,03_TH,2004,36500
Elvetia,03_TH,2005,36500
Elvetia,03_TH,2006,39000
Elvetia,03_TH,2007,39000
Elvetia,03_TH,2008,39000
Elvetia,03_TH,2009,39000
Elvetia,03_TH,2010,39000
Elvetia,03_TH,2011,41200
Elvetia,03_TH,2012,41400
Elvetia,03_TH,2013,41400
Elvetia,03_TH,2014,41400
Elvetia,03_TH,2015,41400
Elvetia,03_TH,2016,41400
Elvetia,03_TH,2017,41400
Elvetia,03_TH,2018,41400
Elvetia,03_TH,2019,41400
Elvetia,03_TH,2020,41400
Elvetia,03_TH,2021,41400
Slovenia,03_TH,2000,14311.41
Slovenia,03_TH,2001,16014.47
Slovenia,03_TH,2002,17567.88
Slovenia,03_TH,2003,18885.47
Slovenia,03_TH,2004,19961.94
Slovenia,03_TH,2005,21448.84
Slovenia,03_TH,2006,21899.27
Slovenia,03_TH,2013,70907.2
Slovenia,03_TH,2014,70907.2
Slovenia,03_TH,2015,70907.2
Slovenia,03_TH,2016,70907.2
Slovenia,03_TH,2017,48000
Slovenia,03_TH,2018,48000
Slovenia,03_TH,2019,48000
Slovenia,03_TH,2020,50000
Slovenia,03_TH,2021,50000
Austria,04_MR,2000,43.3
Austria,04_MR,2001,43.31
Austria,04_MR,2002,41
Austria,04_MR,2003,41
Austria,04_MR,2004,41
Austria,04_MR,2005,50
Austria,04_MR,2006,50
Austria,04_MR,2007,50
Austria,04_MR,2008,50
Austria,04_MR,2009,50
Austria,04_MR,2010,50
Austria,04_MR,2011,50
Austria,04_MR,2012,50
Austria,04_MR,2013,50
Austria,04_MR,2014,50
Austria,04_MR,2015,50
Austria,04_MR,2016,42
Austria,04_MR,2017,42
Austria,04_MR,2018,42
Austria,04_MR,2019,42
Austria,04_MR,2020,42
Austria,04_MR,2021,42
Belgia,04_MR,2000,45
Belgia,04_MR,2001,45
Belgia,04_MR,2002,45
Belgia,04_MR,2003,45
Belgia,04_MR,2004,45
Belgia,04_MR,2005,45
Belgia,04_MR,2006,45
Belgia,04_MR,2007,45
Belgia,04_MR,2008,45
Belgia,04_MR,2009,45
Belgia,04_MR,2010,45
Belgia,04_MR,2011,45
Belgia,04_MR,2012,45
Belgia,04_MR,2013,45
Belgia,04_MR,2014,45
Belgia,04_MR,2015,45
Belgia,04_MR,2016,45
Belgia,04_MR,2017,45
Belgia,04_MR,2018,45
Belgia,04_MR,2019,45
Belgia,04_MR,2020,50
Belgia,04_MR,2021,50
Finlanda,04_MR,2000,19
Finlanda,04_MR,2001,24
Finlanda,04_MR,2002,23
Finlanda,04_MR,2003,22
Finlanda,04_MR,2004,21
Finlanda,04_MR,2005,20.5
Finlanda,04_MR,2006,19.5
Finlanda,04_MR,2007,24
Finlanda,04_MR,2008,23.5
Finlanda,04_MR,2009,22
Finlanda,04_MR,2010,21.5
Finlanda,04_MR,2011,21.5
Finlanda,04_MR,2012,21.5
Finlanda,04_MR,2013,21.5
Finlanda,04_MR,2014,21.5
Finlanda,04_MR,2015,21.5
Finlanda,04_MR,2016,21.5
Finlanda,04_MR,2017,21.5
Finlanda,04_MR,2018,21.25
Finlanda,04_MR,2019,21.25
Finlanda,04_MR,2020,21.25
Finlanda,04_MR,2021,21.25
Franta,04_MR,2000,31.75
Franta,04_MR,2001,31
Franta,04_MR,2002,29.14
Franta,04_MR,2003,28.26
Franta,04_MR,2004,28.26
Franta,04_MR,2005,28.26
Franta,04_MR,2006,30
Franta,04_MR,2007,30
Franta,04_MR,2008,30
Franta,04_MR,2009,30
Franta,04_MR,2010,30
Franta,04_MR,2011,30
Franta,04_MR,2012,30
Franta,04_MR,2013,30
Franta,04_MR,2014,41
Franta,04_MR,2015,41
Franta,04_MR,2016,41
Franta,04_MR,2017,41
Franta,04_MR,2018,41
Franta,04_MR,2019,41
Franta,04_MR,2020,41
Franta,04_MR,2021,41
Grecia,04_MR,2000,30
Grecia,04_MR,2001,30
Grecia,04_MR,2002,40
Grecia,04_MR,2003,40
Grecia,04_MR,2004,40
Grecia,04_MR,2005,40
Grecia,04_MR,2006,40
Grecia,04_MR,2007,40
Grecia,04_MR,2008,40
Grecia,04_MR,2009,40
Grecia,04_MR,2010,26
Grecia,04_MR,2011,25
Grecia,04_MR,2012,25
Grecia,04_MR,2016,45
Grecia,04_MR,2017,45
Grecia,04_MR,2018,45
Grecia,04_MR,2019,45
Grecia,04_MR,2020,36
Grecia,04_MR,2021,36
Italia,04_MR,2000,39.5
Italia,04_MR,2001,39
Italia,04_MR,2002,39
Italia,04_MR,2003,39
Italia,04_MR,2004,39
Italia,04_MR,2005,43
Italia,04_MR,2006,43
Italia,04_MR,2007,41
Italia,04_MR,2008,41
Italia,04_MR,2009,41
Italia,04_MR,2010,41
Italia,04_MR,2011,41
Italia,04_MR,2012,41
Italia,04_MR,2013,41
Italia,04_MR,2014,41
Italia,04_MR,2015,41
Italia,04_MR,2016,41
Italia,04_MR,2017,41
Italia,04_MR,2018,41
Italia,04_MR,2019,41
Italia,04_MR,2020,41
Italia,04_MR,2021,41
Luxemburg,04_MR,2000,18
Luxemburg,04_MR,2001,18
Luxemburg,04_MR,2002,12
Luxemburg,04_MR,2003,12
Luxemburg,04_MR,2004,12
Luxemburg,04_MR,2005,12
Luxemburg,04_MR,2006,12
Luxemburg,04_MR,2007,12
Luxemburg,04_MR,2008,12
Luxemburg,04_MR,2009,12
Luxemburg,04_MR,2010,12
Luxemburg,04_MR,2011,12
Luxemburg,04_MR,2012,12
Luxemburg,04_MR,2013,12
Luxemburg,04_MR,2014,12
Luxemburg,04_MR,2015,12
Luxemburg,04_MR,2016,12
Luxemburg,04_MR,2017,10
Luxemburg,04_MR,2018,10
Luxemburg,04_MR,2019,10
Luxemburg,04_MR,2020,10
Luxemburg,04_MR,2021,10
Olanda,04_MR,2000,60
Olanda,04_MR,2001,52
Olanda,04_MR,2002,52
Olanda,04_MR,2003,52
Olanda,04_MR,2004,52
Olanda,04_MR,2005,52
Olanda,04_MR,2006,52
Olanda,04_MR,2007,52
Olanda,04_MR,2008,52
Olanda,04_MR,2009,52
Olanda,04_MR,2010,52
Olanda,04_MR,2011,52
Olanda,04_MR,2012,52
Olanda,04_MR,2013,52
Olanda,04_MR,2014,52
Olanda,04_MR,2015,52
Olanda,04_MR,2016,52
Olanda,04_MR,2017,52
Olanda,04_MR,2018,51.95
Olanda,04_MR,2019,51.75
Portugalia,04_MR,2000,35
Portugalia,04_MR,2001,34
Portugalia,04_MR,2002,34
Portugalia,04_MR,2003,34
Portugalia,04_MR,2004,34
Portugalia,04_MR,2005,34
Portugalia,04_MR,2006,34
Portugalia,04_MR,2007,34
Portugalia,04_MR,2008,34
Portugalia,04_MR,2009,34
Portugalia,04_MR,2010,34.88
Portugalia,04_MR,2011,35.5
Portugalia,04_MR,2012,35.5
Portugalia,04_MR,2013,45
Portugalia,04_MR,2014,45
Portugalia,04_MR,2015,45
Portugalia,04_MR,2016,45
Portugalia,04_MR,2017,45
Portugalia,04_MR,2018,35
Portugalia,04_MR,2019,35
Portugalia,04_MR,2020,35
Portugalia,04_MR,2021,35
Spania,04_MR,2000,31.48
Spania,04_MR,2001,31.48
Spania,04_MR,2002,31.48
Spania,04_MR,2003,24.71
Spania,04_MR,2004,24.71
Spania,04_MR,2005,24.71
Spania,04_MR,2006,24.71
Spania,04_MR,2007,27.13
Spania,04_MR,2008,27.13
Spania,04_MR,2009,27.13
Spania,04_MR,2010,27.13
Spania,04_MR,2011,21.5
Spania,04_MR,2012,25.5
Spania,04_MR,2013,25.5
Spania,04_MR,2014,25.5
Spania,04_MR,2015,18.5
Spania,04_MR,2016,18.5
Spania,04_MR,2017,18.5
Spania,04_MR,2018,18.5
Spania,04_MR,2019,18.5
Spania,04_MR,2020,18.5
Spania,04_MR,2021,18.5
Elvetia,04_MR,2000,2.64
Elvetia,04_MR,2001,2.64
Elvetia,04_MR,2002,2.64
Elvetia,04_MR,2003,2.64
Elvetia,04_MR,2004,2.64
Elvetia,04_MR,2005,2.64
Elvetia,04_MR,2006,2.64
Elvetia,04_MR,2007,2.64
Elvetia,04_MR,2008,2.64
Elvetia,04_MR,2009,2.64
Elvetia,04_MR,2010,2.64
Elvetia,04_MR,2011,2.64
Elvetia,04_MR,2012,2.64
Elvetia,04_MR,2013,2.64
Elvetia,04_MR,2014,2.64
Elvetia,04_MR,2015,2.64
Elvetia,04_MR,2016,2.64
Elvetia,04_MR,2017,2.64
Elvetia,04_MR,2018,2.64
Elvetia,04_MR,2019,2.64
Elvetia,04_MR,2020,2.64
Elvetia,04_MR,2021,2.64
Slovenia,04_MR,2000,40
Slovenia,04_MR,2001,40
Slovenia,04_MR,2002,40
Slovenia,04_MR,2003,40
Slovenia,04_MR,2004,40
Slovenia,04_MR,2005,42
Slovenia,04_MR,2006,41
Slovenia,04_MR,2013,50
Slovenia,04_MR,2014,50
Slovenia,04_MR,2015,50
Slovenia,04_MR,2016,50
Slovenia,04_MR,2017,39
Slovenia,04_MR,2018,39
Slovenia,04_MR,2019,39
Slovenia,04_MR,2020,39
Slovenia,04_MR,2021,39
Austria,04_TH,2000,9810.8
Austria,04_TH,2001,9810.8
Austria,04_TH,2002,50870
Austria,04_TH,2003,50870
Austria,04_TH,2004,50870
Austria,04_TH,2016,60000
Austria,04_TH,2017,60000
Austria,04_TH,2018,60000
Austria,04_TH,2019,60000
Austria,04_TH,2020,60000
Austria,04_TH,2021,60000
Belgia,04_TH,2000,27838.443
Belgia,04_TH,2001,28540
Belgia,04_TH,2002,29260
Belgia,04_TH,2003,29740
Belgia,04_TH,2004,30210
Belgia,04_TH,2005,30840
Belgia,04_TH,2006,31700
Belgia,04_TH,2007,32270
Belgia,04_TH,2008,32860
Belgia,04_TH,2009,34360
Belgia,04_TH,2010,34330
Belgia,04_TH,2011,35060
Belgia,04_TH,2012,36300
Belgia,04_TH,2013,37330
Belgia,04_TH,2014,37750
Belgia,04_TH,2015,37870
Belgia,04_TH,2016,38080
Belgia,04_TH,2017,38830
Belgia,04_TH,2018,39660
Belgia,04_TH,2019,40480
Finlanda,04_TH,2000,19005.2
Finlanda,04_TH,2001,30946.6
Finlanda,04_TH,2002,30900
Finlanda,04_TH,2003,31200
Finlanda,04_TH,2004,31500
Finlanda,04_TH,2005,32100
Finlanda,04_TH,2006,32800
Finlanda,04_TH,2007,60800
Finlanda,04_TH,2008,62000
Finlanda,04_TH,2009,64500
Finlanda,04_TH,2010,66400
Finlanda,04_TH,2011,68200
Finlanda,04_TH,2012,70300
Finlanda,04_TH,2013,70300
Finlanda,04_TH,2014,71400
Finlanda,04_TH,2015,71400
Finlanda,04_TH,2016,72300
Finlanda,04_TH,2017,73100
Finlanda,04_TH,2018,74200
Finlanda,04_TH,2019,76100
Finlanda,04_TH,2020,78500
Finlanda,04_TH,2021,80500
Franta,04_TH,2000,22732
Franta,04_TH,2001,23096
Franta,04_TH,2002,23489
Franta,04_TH,2003,23888
Franta,04_TH,2004,24294
Franta,04_TH,2005,24731
Franta,04_TH,2006,66679
Franta,04_TH,2007,67546
Franta,04_TH,2008,69505
Franta,04_TH,2009,69783
Franta,04_TH,2010,70830
Franta,04_TH,2011,70830
Franta,04_TH,2012,70830
Franta,04_TH,2013,71397
Franta,04_TH,2014,151956
Franta,04_TH,2015,152108
Franta,04_TH,2016,152260
Franta,04_TH,2017,153783
Franta,04_TH,2018,156244
Franta,04_TH,2019,157806
Franta,04_TH,2020,158122
Franta,04_TH,2021,160336
Grecia,04_TH,2000,22245.05
Grecia,04_TH,2001,23357
Grecia,04_TH,2010,26000
Grecia,04_TH,2011,26000
Grecia,04_TH,2012,26000
Grecia,04_TH,2020,40000
Grecia,04_TH,2021,40000
Italia,04_TH,2000,69722
Italia,04_TH,2001,69722
Italia,04_TH,2002,69722
Italia,04_TH,2003,70000
Italia,04_TH,2004,70000
Italia,04_TH,2007,75000
Italia,04_TH,2008,75000
Italia,04_TH,2009,75000
Italia,04_TH,2010,75000
Italia,04_TH,2011,75000
Italia,04_TH,2012,75000
Italia,04_TH,2013,75000
Italia,04_TH,2014,75000
Italia,04_TH,2015,75000
Italia,04_TH,2016,75000
Italia,04_TH,2017,75000
Italia,04_TH,2018,75000
Italia,04_TH,2019,75000
Italia,04_TH,2020,75000
Italia,04_TH,2021,75000
Luxemburg,04_TH,2000,12196.3614
Luxemburg,04_TH,2001,14799.243429
Luxemburg,04_TH,2002,14700
Luxemburg,04_TH,2003,14700
Luxemburg,04_TH,2004,14700
Luxemburg,04_TH,2005,14700
Luxemburg,04_TH,2006,14700
Luxemburg,04_TH,2007,14700
Luxemburg,04_TH,2008,15582
Luxemburg,04_TH,2009,16989
Luxemburg,04_TH,2010,16989
Luxemburg,04_TH,2011,16989
Luxemburg,04_TH,2012,16989
Luxemburg,04_TH,2013,16989
Luxemburg,04_TH,2014,16989
Luxemburg,04_TH,2015,16989
Luxemburg,04_TH,2016,16989
Luxemburg,04_TH,2017,16881
Luxemburg,04_TH,2018,16881
Luxemburg,04_TH,2019,16881
Luxemburg,04_TH,2020,16881
Luxemburg,04_TH,2021,16881
Portugalia,04_TH,2000,32825.89
Portugalia,04_TH,2001,34417.05
Portugalia,04_TH,2002,35363.52
Portugalia,04_TH,2003,36070.79
Portugalia,04_TH,2004,36792
Portugalia,04_TH,2005,37528
Portugalia,04_TH,2006,38391
Portugalia,04_TH,2007,39197
Portugalia,04_TH,2008,40020
Portugalia,04_TH,2009,41021
Portugalia,04_TH,2010,41349
Portugalia,04_TH,2011,42259
Portugalia,04_TH,2012,42259
Portugalia,04_TH,2013,80000
Portugalia,04_TH,2014,80000
Portugalia,04_TH,2015,80000
Portugalia,04_TH,2016,80000
Portugalia,04_TH,2017,80640
Portugalia,04_TH,2018,25000
Portugalia,04_TH,2019,25000
Portugalia,04_TH,2020,25075
Portugalia,04_TH,2021,25075
Spania,04_TH,2000,40460.134867
Spania,04_TH,2001,40460
Spania,04_TH,2002,40460.13
Spania,04_TH,2003,45000
Spania,04_TH,2004,45000
Spania,04_TH,2005,45900
Spania,04_TH,2006,46818
Spania,04_TH,2011,120000
Spania,04_TH,2012,120000
Spania,04_TH,2013,120000
Spania,04_TH,2014,120000
Spania,04_TH,2015,60000
Spania,04_TH,2016,60000
Spania,04_TH,2017,60000
Spania,04_TH,2018,60000
Spania,04_TH,2019,60000
Spania,04_TH,2020,60000
Spania,04_TH,2021,60000
Elvetia,04_TH,2000,48600
Elvetia,04_TH,2001,48600
Elvetia,04_TH,2002,48600
Elvetia,04_TH,2003,48600
Elvetia,04_TH,2004,48600
Elvetia,04_TH,2005,48600
Elvetia,04_TH,2006,52000
Elvetia,04_TH,2007,52000
Elvetia,04_TH,2008,52000
Elvetia,04_TH,2009,52000
Elvetia,04_TH,2010,52000
Elvetia,04_TH,2011,55000
Elvetia,04_TH,2012,55200
Elvetia,04_TH,2013,55200
Elvetia,04_TH,2014,55200
Elvetia,04_TH,2015,55200
Elvetia,04_TH,2016,55200
Elvetia,04_TH,2017,55200
Elvetia,04_TH,2018,55200
Elvetia,04_TH,2019,55200
Elvetia,04_TH,2020,55200
Elvetia,04_TH,2021,55200
Slovenia,04_TH,2000,19081.88
Slovenia,04_TH,2001,21352.62
Slovenia,04_TH,2002,23423.82
Slovenia,04_TH,2003,25180.61
Slovenia,04_TH,2004,26615.9
Slovenia,04_TH,2005,43106.33
Slovenia,04_TH,2006,44011.56
Slovenia,04_TH,2017,70907.2
Slovenia,04_TH,2018,70907.2
Slovenia,04_TH,2019,70907.2
Slovenia,04_TH,2020,72000
Slovenia,04_TH,2021,72000
Austria,05_MR,2000,22.33
Austria,05_MR,2001,22.33
Austria,05_MR,2002,50
Austria,05_MR,2003,50
Austria,05_MR,2004,50
Austria,05_MR,2016,48
Austria,05_MR,2017,48
Austria,05_MR,2018,48
Austria,05_MR,2019,48
Austria,05_MR,2020,48
Austria,05_MR,2021,48
Belgia,05_MR,2000,50
Belgia,05_MR,2001,50
Belgia,05_MR,2002,50
Belgia,05_MR,2003,50
Belgia,05_MR,2004,50
Belgia,05_MR,2005,50
Belgia,05_MR,2006,50
Belgia,05_MR,2007,50
Belgia,05_MR,2008,50
Belgia,05_MR,2009,50
Belgia,05_MR,2010,50
Belgia,05_MR,2011,50
Belgia,05_MR,2012,50
Belgia,05_MR,2013,50
Belgia,05_MR,2014,50
Belgia,05_MR,2015,50
Belgia,05_MR,2016,50
Belgia,05_MR,2017,50
Belgia,05_MR,2018,50
Belgia,05_MR,2019,50
Finlanda,05_MR,2000,25
Finlanda,05_MR,2001,30
Finlanda,05_MR,2002,29
Finlanda,05_MR,2003,28
Finlanda,05_MR,2004,27
Finlanda,05_MR,2005,26.5
Finlanda,05_MR,2006,25
Finlanda,05_MR,2007,32
Finlanda,05_MR,2008,31.5
Finlanda,05_MR,2009,30.5
Finlanda,05_MR,2010,30
Finlanda,05_MR,2011,30
Finlanda,05_MR,2012,29.75
Finlanda,05_MR,2013,29.75
Finlanda,05_MR,2014,29.75
Finlanda,05_MR,2015,29.75
Finlanda,05_MR,2016,31.75
Finlanda,05_MR,2017,31.5
Finlanda,05_MR,2018,31.25
Finlanda,05_MR,2019,31.25
Finlanda,05_MR,2020,31.25
Finlanda,05_MR,2021,31.25
Franta,05_MR,2000,41.75
Franta,05_MR,2001,41
Franta,05_MR,2002,38.54
Franta,05_MR,2003,37.38
Franta,05_MR,2004,37.38
Franta,05_MR,2005,37.38
Franta,05_MR,2006,40
Franta,05_MR,2007,40
Franta,05_MR,2008,40
Franta,05_MR,2009,40
Franta,05_MR,2010,41
Franta,05_MR,2011,41
Franta,05_MR,2012,41
Franta,05_MR,2013,41
Franta,05_MR,2014,45
Franta,05_MR,2015,45
Franta,05_MR,2016,45
Franta,05_MR,2017,45
Franta,05_MR,2018,45
Franta,05_MR,2019,45
Franta,05_MR,2020,45
Franta,05_MR,2021,45
Grecia,05_MR,2000,40
Grecia,05_MR,2001,40
Grecia,05_MR,2010,32
Grecia,05_MR,2011,35
Grecia,05_MR,2012,35
Grecia,05_MR,2020,44
Grecia,05_MR,2021,44
Italia,05_MR,2000,45.5
Italia,05_MR,2001,45
Italia,05_MR,2002,45
Italia,05_MR,2003,45
Italia,05_MR,2004,45
Italia,05_MR,2007,43
Italia,05_MR,2008,43
Italia,05_MR,2009,43
Italia,05_MR,2010,43
Italia,05_MR,2011,43
Italia,05_MR,2012,43
Italia,05_MR,2013,43
Italia,05_MR,2014,43
Italia,05_MR,2015,43
Italia,05_MR,2016,43
Italia,05_MR,2017,43
Italia,05_MR,2018,43
Italia,05_MR,2019,43
Italia,05_MR,2020,43
Italia,05_MR,2021,43
Luxemburg,05_MR,2000,20
Luxemburg,05_MR,2001,20
Luxemburg,05_MR,2002,14
Luxemburg,05_MR,2003,14
Luxemburg,05_MR,2004,14
Luxemburg,05_MR,2005,14
Luxemburg,05_MR,2006,14
Luxemburg,05_MR,2007,14
Luxemburg,05_MR,2008,14
Luxemburg,05_MR,2009,14
Luxemburg,05_MR,2010,14
Luxemburg,05_MR,2011,14
Luxemburg,05_MR,2012,14
Luxemburg,05_MR,2013,14
Luxemburg,05_MR,2014,14
Luxemburg,05_MR,2015,14
Luxemburg,05_MR,2016,14
Luxemburg,05_MR,2017,11
Luxemburg,05_MR,2018,11
Luxemburg,05_MR,2019,11
Luxemburg,05_MR,2020,11
Luxemburg,05_MR,2021,11
Portugalia,05_MR,2000,40
Portugalia,05_MR,2001,38
Portugalia,05_MR,2002,38
Portugalia,05_MR,2003,38
Portugalia,05_MR,2004,38
Portugalia,05_MR,2005,36.5
Portugalia,05_MR,2006,36.5
Portugalia,05_MR,2007,36.5
Portugalia,05_MR,2008,36.5
Portugalia,05_MR,2009,36.5
Portugalia,05_MR,2010,37.38
Portugalia,05_MR,2011,38
Portugalia,05_MR,2012,38
Portugalia,05_MR,2013,48
Portugalia,05_MR,2014,48
Portugalia,05_MR,2015,48
Portugalia,05_MR,2016,48
Portugalia,05_MR,2017,48
Portugalia,05_MR,2018,37
Portugalia,05_MR,2019,37
Portugalia,05_MR,2020,37
Portugalia,05_MR,2021,37
Spania,05_MR,2000,38.07
Spania,05_MR,2001,38.07
Spania,05_MR,2002,38.07
Spania,05_MR,2003,29.16
Spania,05_MR,2004,29.16
Spania,05_MR,2005,29.16
Spania,05_MR,2006,29.16
Spania,05_MR,2011,22.5
Spania,05_MR,2012,27.5
Spania,05_MR,2013,27.5
Spania,05_MR,2014,27.5
Spania,05_MR,2015,22.5
Spania,05_MR,2016,22.5
Spania,05_MR,2017,22.5
Spania,05_MR,2018,22.5
Spania,05_MR,2019,22.5
Spania,05_MR,2020,22.5
Spania,05_MR,2021,22.5
Elvetia,05_MR,2000,2.97
Elvetia,05_MR,2001,2.97
Elvetia,05_MR,2002,2.97
Elvetia,05_MR,2003,2.97
Elvetia,05_MR,2004,2.97
Elvetia,05_MR,2005,2.97
Elvetia,05_MR,2006,2.97
Elvetia,05_MR,2007,2.97
Elvetia,05_MR,2008,2.97
Elvetia,05_MR,2009,2.97
Elvetia,05_MR,2010,2.97
Elvetia,05_MR,2011,2.97
Elvetia,05_MR,2012,2.97
Elvetia,05_MR,2013,2.97
Elvetia,05_MR,2014,2.97
Elvetia,05_MR,2015,2.97
Elvetia,05_MR,2016,2.97
Elvetia,05_MR,2017,2.97
Elvetia,05_MR,2018,2.97
Elvetia,05_MR,2019,2.97
Elvetia,05_MR,2020,2.97
Elvetia,05_MR,2021,2.97
Slovenia,05_MR,2000,45
Slovenia,05_MR,2001,45
Slovenia,05_MR,2002,45
Slovenia,05_MR,2003,45
Slovenia,05_MR,2004,45
Slovenia,05_MR,2005,50
Slovenia,05_MR,2006,50
Slovenia,05_MR,2017,50
Slovenia,05_MR,2018,50
Slovenia,05_MR,2019,50
Slovenia,05_MR,2020,50
Slovenia,05_MR,2021,50
Austria,05_TH,2000,10901
Austria,05_TH,2001,10901
Austria,05_TH,2016,90000
Austria,05_TH,2017,90000
Austria,05_TH,2018,90000
Austria,05_TH,2019,90000
Austria,05_TH,2020,90000
Austria,05_TH,2021,90000
Belgia,05_TH,2000,41745.27
Belgia,05_TH,2001,42810
Belgia,05_TH,2002,43870
Finlanda,05_TH,2000,29937.5
Finlanda,05_TH,2001,54661.1
Finlanda,05_TH,2002,54700
Finlanda,05_TH,2003,55200
Finlanda,05_TH,2004,55800
Finlanda,05_TH,2005,56900
Finlanda,05_TH,2006,58200
Finlanda,05_TH,2013,100000
Finlanda,05_TH,2014,100000
Finlanda,05_TH,2015,90000
Franta,05_TH,2000,36987
Franta,05_TH,2001,37579
Franta,05_TH,2002,38218
Franta,05_TH,2003,38868
Franta,05_TH,2004,39529
Franta,05_TH,2005,40241
Franta,05_TH,2012,150000
Franta,05_TH,2013,151200
Grecia,05_TH,2000,47644.9
Grecia,05_TH,2001,50028
Grecia,05_TH,2010,32000
Grecia,05_TH,2011,40000
Grecia,05_TH,2012,40000
Luxemburg,05_TH,2000,13906.82674
Luxemburg,05_TH,2001,16509.70875
Luxemburg,05_TH,2002,16350
Luxemburg,05_TH,2003,16350
Luxemburg,05_TH,2004,16350
Luxemburg,05_TH,2005,16350
Luxemburg,05_TH,2006,16350
Luxemburg,05_TH,2007,16350
Luxemburg,05_TH,2008,17331
Luxemburg,05_TH,2009,18897
Luxemburg,05_TH,2010,18897
Luxemburg,05_TH,2011,18897
Luxemburg,05_TH,2012,18897
Luxemburg,05_TH,2013,18897
Luxemburg,05_TH,2014,18897
Luxemburg,05_TH,2015,18897
Luxemburg,05_TH,2016,18897
Luxemburg,05_TH,2017,18753
Luxemburg,05_TH,2018,18753
Luxemburg,05_TH,2019,18753
Luxemburg,05_TH,2020,18753
Luxemburg,05_TH,2021,18753
Portugalia,05_TH,2001,49879.79
Portugalia,05_TH,2002,51251.48
Portugalia,05_TH,2003,52276.51
Portugalia,05_TH,2004,53322
Portugalia,05_TH,2005,54388
Portugalia,05_TH,2006,55639
Portugalia,05_TH,2007,56807
Portugalia,05_TH,2008,58000
Portugalia,05_TH,2009,59450
Portugalia,05_TH,2010,59926
Portugalia,05_TH,2011,61244
Portugalia,05_TH,2012,61244
Portugalia,05_TH,2018,36856
Portugalia,05_TH,2019,36856
Portugalia,05_TH,2020,36967
Portugalia,05_TH,2021,36967
Spania,05_TH,2000,67433.558112
Spania,05_TH,2001,67434
Spania,05_TH,2002,67433.56
Spania,05_TH,2011,175000
Spania,05_TH,2012,175000
Spania,05_TH,2013,175000
Spania,05_TH,2014,175000
Spania,05_TH,2021,300000
Elvetia,05_TH,2000,63800
Elvetia,05_TH,2001,63800
Elvetia,05_TH,2002,63800
Elvetia,05_TH,2003,63800
Elvetia,05_TH,2004,63800
Elvetia,05_TH,2005,63800
Elvetia,05_TH,2006,68300
Elvetia,05_TH,2007,68300
Elvetia,05_TH,2008,68300
Elvetia,05_TH,2009,68300
Elvetia,05_TH,2010,68300
Elvetia,05_TH,2011,72200
Elvetia,05_TH,2012,72500
Elvetia,05_TH,2013,72500
Elvetia,05_TH,2014,72500
Elvetia,05_TH,2015,72500
Elvetia,05_TH,2016,72500
Elvetia,05_TH,2017,72500
Elvetia,05_TH,2018,72500
Elvetia,05_TH,2019,72500
Elvetia,05_TH,2020,72500
Elvetia,05_TH,2021,72500
Slovenia,05_TH,2000,28622.81
Slovenia,05_TH,2001,32028.93
Slovenia,05_TH,2002,35135.73
Slovenia,05_TH,2003,37770.91
Slovenia,05_TH,2004,39923.86
Austria,06_MR,2000,32
Austria,06_MR,2001,32
Austria,06_MR,2016,50
Austria,06_MR,2017,50
Austria,06_MR,2018,50
Austria,06_MR,2019,50
Austria,06_MR,2020,50
Austria,06_MR,2021,50
Belgia,06_MR,2000,52.5
Belgia,06_MR,2001,52.5
Belgia,06_MR,2002,52
Finlanda,06_MR,2000,31
Finlanda,06_MR,2001,37
Finlanda,06_MR,2002,36
Finlanda,06_MR,2003,35
Finlanda,06_MR,2004,34
Finlanda,06_MR,2005,33.5
Finlanda,06_MR,2006,32.5
Finlanda,06_MR,2013,31.75
Finlanda,06_MR,2014,31.75
Finlanda,06_MR,2015,31.75
Franta,06_MR,2000,47.75
Franta,06_MR,2001,46.75
Franta,06_MR,2002,43.94
Franta,06_MR,2003,42.62
Franta,06_MR,2004,42.62
Franta,06_MR,2005,42.62
Franta,06_MR,2012,45
Franta,06_MR,2013,45
Grecia,06_MR,2000,45
Grecia,06_MR,2001,42.5
Grecia,06_MR,2010,36
Grecia,06_MR,2011,38
Grecia,06_MR,2012,38
Luxemburg,06_MR,2000,22
Luxemburg,06_MR,2001,22
Luxemburg,06_MR,2002,16
Luxemburg,06_MR,2003,16
Luxemburg,06_MR,2004,16
Luxemburg,06_MR,2005,16
Luxemburg,06_MR,2006,16
Luxemburg,06_MR,2007,16
Luxemburg,06_MR,2008,16
Luxemburg,06_MR,2009,16
Luxemburg,06_MR,2010,16
Luxemburg,06_MR,2011,16
Luxemburg,06_MR,2012,16
Luxemburg,06_MR,2013,16
Luxemburg,06_MR,2014,16
Luxemburg,06_MR,2015,16
Luxemburg,06_MR,2016,16
Luxemburg,06_MR,2017,12
Luxemburg,06_MR,2018,12
Luxemburg,06_MR,2019,12
Luxemburg,06_MR,2020,12
Luxemburg,06_MR,2021,12
Portugalia,06_MR,2001,40
Portugalia,06_MR,2002,40
Portugalia,06_MR,2003,40
Portugalia,06_MR,2004,40
Portugalia,06_MR,2005,40
Portugalia,06_MR,2006,40
Portugalia,06_MR,2007,40
Portugalia,06_MR,2008,40
Portugalia,06_MR,2009,40
Portugalia,06_MR,2010,40.88
Portugalia,06_MR,2011,41.5
Portugalia,06_MR,2012,41.5
Portugalia,06_MR,2018,45
Portugalia,06_MR,2019,45
Portugalia,06_MR,2020,45
Portugalia,06_MR,2021,45
Spania,06_MR,2000,39.6
Spania,06_MR,2001,39.6
Spania,06_MR,2002,39.6
Spania,06_MR,2011,23.5
Spania,06_MR,2012,29.5
Spania,06_MR,2013,29.5
Spania,06_MR,2014,29.5
Spania,06_MR,2021,24.5
Elvetia,06_MR,2000,5.94
Elvetia,06_MR,2001,5.94
Elvetia,06_MR,2002,5.94
Elvetia,06_MR,2003,5.94
Elvetia,06_MR,2004,5.94
Elvetia,06_MR,2005,5.94
Elvetia,06_MR,2006,5.94
Elvetia,06_MR,2007,5.94
Elvetia,06_MR,2008,5.94
Elvetia,06_MR,2009,5.94
Elvetia,06_MR,2010,5.94
Elvetia,06_MR,2011,5.94
Elvetia,06_MR,2012,5.94
Elvetia,06_MR,2013,5.94
Elvetia,06_MR,2014,5.94
Elvetia,06_MR,2015,5.94
Elvetia,06_MR,2016,5.94
Elvetia,06_MR,2017,5.94
Elvetia,06_MR,2018,5.94
Elvetia,06_MR,2019,5.94
Elvetia,06_MR,2020,5.94
Elvetia,06_MR,2021,5.94
Slovenia,06_MR,2000,50
Slovenia,06_MR,2001,50
Slovenia,06_MR,2002,50
Slovenia,06_MR,2003,50
Slovenia,06_MR,2004,50
Austria,06_TH,2000,14535
Austria,06_TH,2001,14535
Austria,06_TH,2016,1000000
Austria,06_TH,2017,1000000
Austria,06_TH,2018,1000000
Austria,06_TH,2019,1000000
Austria,06_TH,2020,1000000
Austria,06_TH,2021,1000000
Belgia,06_TH,2000,61229.701
Belgia,06_TH,2001,62790
Finlanda,06_TH,2000,52979.2
Franta,06_TH,2000,45613
Franta,06_TH,2001,46343
Franta,06_TH,2002,47131
Franta,06_TH,2003,47932
Franta,06_TH,2004,48747
Franta,06_TH,2005,49624
Grecia,06_TH,2010,40000
Grecia,06_TH,2011,60000
Grecia,06_TH,2012,60000
Luxemburg,06_TH,2000,15617.292061
Luxemburg,06_TH,2001,18220.174071
Luxemburg,06_TH,2002,18000
Luxemburg,06_TH,2003,18000
Luxemburg,06_TH,2004,18000
Luxemburg,06_TH,2005,18000
Luxemburg,06_TH,2006,18000
Luxemburg,06_TH,2007,18000
Luxemburg,06_TH,2008,19080
Luxemburg,06_TH,2009,20805
Luxemburg,06_TH,2010,20805
Luxemburg,06_TH,2011,20805
Luxemburg,06_TH,2012,20805
Luxemburg,06_TH,2013,20805
Luxemburg,06_TH,2014,20805
Luxemburg,06_TH,2015,20805
Luxemburg,06_TH,2016,20805
Luxemburg,06_TH,2017,20625
Luxemburg,06_TH,2018,20625
Luxemburg,06_TH,2019,20625
Luxemburg,06_TH,2020,20625
Luxemburg,06_TH,2021,20625
Portugalia,06_TH,2006,60000
Portugalia,06_TH,2007,61260
Portugalia,06_TH,2008,62546
Portugalia,06_TH,2009,64110
Portugalia,06_TH,2010,64623
Portugalia,06_TH,2011,66045
Portugalia,06_TH,2012,66045
Portugalia,06_TH,2018,80640
Portugalia,06_TH,2019,80640
Portugalia,06_TH,2020,80882
Portugalia,06_TH,2021,80882
Spania,06_TH,2012,300000
Spania,06_TH,2013,300000
Spania,06_TH,2014,300000
Elvetia,06_TH,2000,68800
Elvetia,06_TH,2001,68800
Elvetia,06_TH,2002,68800
Elvetia,06_TH,2003,68800
Elvetia,06_TH,2004,68800
Elvetia,06_TH,2005,68800
Elvetia,06_TH,2006,73600
Elvetia,06_TH,2007,73600
Elvetia,06_TH,2008,73600
Elvetia,06_TH,2009,73600
Elvetia,06_TH,2010,73600
Elvetia,06_TH,2011,77700
Elvetia,06_TH,2012,78100
Elvetia,06_TH,2013,78100
Elvetia,06_TH,2014,78100
Elvetia,06_TH,2015,78100
Elvetia,06_TH,2016,78100
Elvetia,06_TH,2017,78100
Elvetia,06_TH,2018,78100
Elvetia,06_TH,2019,78100
Elvetia,06_TH,2020,78100
Elvetia,06_TH,2021,78100
Slovenia,06_TH,2004,166.599316
Austria,07_MR,2000,35
Austria,07_MR,2001,35
Austria,07_MR,2016,55
Austria,07_MR,2017,55
Austria,07_MR,2018,55
Austria,07_MR,2019,55
Austria,07_MR,2020,55
Austria,07_MR,2021,55
Belgia,07_MR,2000,55
Belgia,07_MR,2001,55
Finlanda,07_MR,2000,37.5
Franta,07_MR,2000,53.25
Franta,07_MR,2001,52.75
Franta,07_MR,2002,49.58
Franta,07_MR,2003,48.09
Franta,07_MR,2004,48.09
Franta,07_MR,2005,48.09
Grecia,07_MR,2010,38
Grecia,07_MR,2011,40
Grecia,07_MR,2012,40
Luxemburg,07_MR,2000,24
Luxemburg,07_MR,2001,24
Luxemburg,07_MR,2002,18
Luxemburg,07_MR,2003,18
Luxemburg,07_MR,2004,18
Luxemburg,07_MR,2005,18
Luxemburg,07_MR,2006,18
Luxemburg,07_MR,2007,18
Luxemburg,07_MR,2008,18
Luxemburg,07_MR,2009,18
Luxemburg,07_MR,2010,18
Luxemburg,07_MR,2011,18
Luxemburg,07_MR,2012,18
Luxemburg,07_MR,2013,18
Luxemburg,07_MR,2014,18
Luxemburg,07_MR,2015,18
Luxemburg,07_MR,2016,18
Luxemburg,07_MR,2017,14
Luxemburg,07_MR,2018,14
Luxemburg,07_MR,2019,14
Luxemburg,07_MR,2020,14
Luxemburg,07_MR,2021,14
Portugalia,07_MR,2006,42
Portugalia,07_MR,2007,42
Portugalia,07_MR,2008,42
Portugalia,07_MR,2009,42
Portugalia,07_MR,2010,42.88
Portugalia,07_MR,2011,43.5
Portugalia,07_MR,2012,43.5
Portugalia,07_MR,2018,48
Portugalia,07_MR,2019,48
Portugalia,07_MR,2020,48
Portugalia,07_MR,2021,48
Spania,07_MR,2012,30.5
Spania,07_MR,2013,30.5
Spania,07_MR,2014,30.5
Elvetia,07_MR,2000,6.6
Elvetia,07_MR,2001,6.6
Elvetia,07_MR,2002,6.6
Elvetia,07_MR,2003,6.6
Elvetia,07_MR,2004,6.6
Elvetia,07_MR,2005,6.6
Elvetia,07_MR,2006,6.6
Elvetia,07_MR,2007,6.6
Elvetia,07_MR,2008,6.6
Elvetia,07_MR,2009,6.6
Elvetia,07_MR,2010,6.6
Elvetia,07_MR,2011,6.6
Elvetia,07_MR,2012,6.6
Elvetia,07_MR,2013,6.6
Elvetia,07_MR,2014,6.6
Elvetia,07_MR,2015,6.6
Elvetia,07_MR,2016,6.6
Elvetia,07_MR,2017,6.6
Elvetia,07_MR,2018,6.6
Elvetia,07_MR,2019,6.6
Elvetia,07_MR,2020,6.6
Elvetia,07_MR,2021,6.6
Austria,07_TH,2000,18168
Austria,07_TH,2001,18168
Grecia,07_TH,2010,60000
Grecia,07_TH,2011,100000
Grecia,07_TH,2012,100000
Luxemburg,07_TH,2000,17327.757382
Luxemburg,07_TH,2001,19930.639392
Luxemburg,07_TH,2002,19650
Luxemburg,07_TH,2003,19650
Luxemburg,07_TH,2004,19650
Luxemburg,07_TH,2005,19650
Luxemburg,07_TH,2006,19650
Luxemburg,07_TH,2007,19650
Luxemburg,07_TH,2008,20829
Luxemburg,07_TH,2009,22713
Luxemburg,07_TH,2010,22713
Luxemburg,07_TH,2011,22713
Luxemburg,07_TH,2012,22713
Luxemburg,07_TH,2013,22713
Luxemburg,07_TH,2014,22713
Luxemburg,07_TH,2015,22713
Luxemburg,07_TH,2016,22713
Luxemburg,07_TH,2017,22569
Luxemburg,07_TH,2018,22569
Luxemburg,07_TH,2019,22569
Luxemburg,07_TH,2020,22569
Luxemburg,07_TH,2021,22569
Portugalia,07_TH,2010,150000
Portugalia,07_TH,2011,153300
Portugalia,07_TH,2012,153300
Elvetia,07_TH,2000,91100
Elvetia,07_TH,2001,91100
Elvetia,07_TH,2002,91100
Elvetia,07_TH,2003,91100
Elvetia,07_TH,2004,91100
Elvetia,07_TH,2005,91100
Elvetia,07_TH,2006,97700
Elvetia,07_TH,2007,97700
Elvetia,07_TH,2008,97700
Elvetia,07_TH,2009,97700
Elvetia,07_TH,2010,97700
Elvetia,07_TH,2011,103000
Elvetia,07_TH,2012,103600
Elvetia,07_TH,2013,103600
Elvetia,07_TH,2014,103600
Elvetia,07_TH,2015,103600
Elvetia,07_TH,2016,103600
Elvetia,07_TH,2017,103600
Elvetia,07_TH,2018,103600
Elvetia,07_TH,2019,103600
Elvetia,07_TH,2020,103600
Elvetia,07_TH,2021,103600
Austria,08_MR,2000,32.93
Austria,08_MR,2001,32.93
Grecia,08_MR,2010,40
Grecia,08_MR,2011,45
Grecia,08_MR,2012,45
Luxemburg,08_MR,2000,26
Luxemburg,08_MR,2001,26
Luxemburg,08_MR,2002,20
Luxemburg,08_MR,2003,20
Luxemburg,08_MR,2004,20
Luxemburg,08_MR,2005,20
Luxemburg,08_MR,2006,20
Luxemburg,08_MR,2007,20
Luxemburg,08_MR,2008,20
Luxemburg,08_MR,2009,20
Luxemburg,08_MR,2010,20
Luxemburg,08_MR,2011,20
Luxemburg,08_MR,2012,20
Luxemburg,08_MR,2013,20
Luxemburg,08_MR,2014,20
Luxemburg,08_MR,2015,20
Luxemburg,08_MR,2016,20
Luxemburg,08_MR,2017,16
Luxemburg,08_MR,2018,16
Luxemburg,08_MR,2019,16
Luxemburg,08_MR,2020,16
Luxemburg,08_MR,2021,16
Portugalia,08_MR,2010,45.88
Portugalia,08_MR,2011,46.5
Portugalia,08_MR,2012,46.5
Elvetia,08_MR,2000,8.8
Elvetia,08_MR,2001,8.8
Elvetia,08_MR,2002,8.8
Elvetia,08_MR,2003,8.8
Elvetia,08_MR,2004,8.8
Elvetia,08_MR,2005,8.8
Elvetia,08_MR,2006,8.8
Elvetia,08_MR,2007,8.8
Elvetia,08_MR,2008,8.8
Elvetia,08_MR,2009,8.8
Elvetia,08_MR,2010,8.8
Elvetia,08_MR,2011,8.8
Elvetia,08_MR,2012,8.8
Elvetia,08_MR,2013,8.8
Elvetia,08_MR,2014,8.8
Elvetia,08_MR,2015,8.8
Elvetia,08_MR,2016,8.8
Elvetia,08_MR,2017,8.8
Elvetia,08_MR,2018,8.8
Elvetia,08_MR,2019,8.8
Elvetia,08_MR,2020,8.8
Elvetia,08_MR,2021,8.8
Austria,08_TH,2000,21802
Austria,08_TH,2001,21802
Grecia,08_TH,2010,100000
Luxemburg,08_TH,2000,19038.222703
Luxemburg,08_TH,2001,21641.104713
Luxemburg,08_TH,2002,21300
Luxemburg,08_TH,2003,21300
Luxemburg,08_TH,2004,21300
Luxemburg,08_TH,2005,21300
Luxemburg,08_TH,2006,21300
Luxemburg,08_TH,2007,21300
Luxemburg,08_TH,2008,22578
Luxemburg,08_TH,2009,24621
Luxemburg,08_TH,2010,24621
Luxemburg,08_TH,2011,24621
Luxemburg,08_TH,2012,24621
Luxemburg,08_TH,2013,24621
Luxemburg,08_TH,2014,24621
Luxemburg,08_TH,2015,24621
Luxemburg,08_TH,2016,24621
Luxemburg,08_TH,2017,24513
Luxemburg,08_TH,2018,24513
Luxemburg,08_TH,2019,24513
Luxemburg,08_TH,2020,24513
Luxemburg,08_TH,2021,24513
Elvetia,08_TH,2000,118400
Elvetia,08_TH,2001,118400
Elvetia,08_TH,2002,118400
Elvetia,08_TH,2003,118400
Elvetia,08_TH,2004,118400
Elvetia,08_TH,2005,118400
Elvetia,08_TH,2006,127100
Elvetia,08_TH,2007,127100
Elvetia,08_TH,2008,127100
Elvetia,08_TH,2009,127100
Elvetia,08_TH,2010,127100
Elvetia,08_TH,2011,133900
Elvetia,08_TH,2012,134600
Elvetia,08_TH,2013,134600
Elvetia,08_TH,2014,134600
Elvetia,08_TH,2015,134600
Elvetia,08_TH,2016,134600
Elvetia,08_TH,2017,134600
Elvetia,08_TH,2018,134600
Elvetia,08_TH,2019,134600
Elvetia,08_TH,2020,134600
Elvetia,08_TH,2021,134600
Austria,09_MR,2000,42.93
Austria,09_MR,2001,45.5
Grecia,09_MR,2010,45
Luxemburg,09_MR,2000,28
Luxemburg,09_MR,2001,28
Luxemburg,09_MR,2002,22
Luxemburg,09_MR,2003,22
Luxemburg,09_MR,2004,22
Luxemburg,09_MR,2005,22
Luxemburg,09_MR,2006,22
Luxemburg,09_MR,2007,22
Luxemburg,09_MR,2008,22
Luxemburg,09_MR,2009,22
Luxemburg,09_MR,2010,22
Luxemburg,09_MR,2011,22
Luxemburg,09_MR,2012,22
Luxemburg,09_MR,2013,22
Luxemburg,09_MR,2014,22
Luxemburg,09_MR,2015,22
Luxemburg,09_MR,2016,22
Luxemburg,09_MR,2017,18
Luxemburg,09_MR,2018,18
Luxemburg,09_MR,2019,18
Luxemburg,09_MR,2020,18
Luxemburg,09_MR,2021,18
Elvetia,09_MR,2000,11
Elvetia,09_MR,2001,11
Elvetia,09_MR,2002,11
Elvetia,09_MR,2003,11
Elvetia,09_MR,2004,11
Elvetia,09_MR,2005,11
Elvetia,09_MR,2006,11
Elvetia,09_MR,2007,11
Elvetia,09_MR,2008,11
Elvetia,09_MR,2009,11
Elvetia,09_MR,2010,11
Elvetia,09_MR,2011,11
Elvetia,09_MR,2012,11
Elvetia,09_MR,2013,11
Elvetia,09_MR,2014,11
Elvetia,09_MR,2015,11
Elvetia,09_MR,2016,11
Elvetia,09_MR,2017,11
Elvetia,09_MR,2018,11
Elvetia,09_MR,2019,11
Elvetia,09_MR,2020,11
Elvetia,09_MR,2021,11
Austria,09_TH,2000,29069
Austria,09_TH,2001,35421
Luxemburg,09_TH,2000,20748.688024
Luxemburg,09_TH,2001,23351.570034
Luxemburg,09_TH,2002,22950
Luxemburg,09_TH,2003,22950
Luxemburg,09_TH,2004,22950
Luxemburg,09_TH,2005,22950
Luxemburg,09_TH,2006,22950
Luxemburg,09_TH,2007,22950
Luxemburg,09_TH,2008,24327
Luxemburg,09_TH,2009,26529
Luxemburg,09_TH,2010,26529
Luxemburg,09_TH,2011,26529
Luxemburg,09_TH,2012,26529
Luxemburg,09_TH,2013,26529
Luxemburg,09_TH,2014,26529
Luxemburg,09_TH,2015,26529
Luxemburg,09_TH,2016,26529
Luxemburg,09_TH,2017,26457
Luxemburg,09_TH,2018,26457
Luxemburg,09_TH,2019,26457
Luxemburg,09_TH,2020,26457
Luxemburg,09_TH,2021,26457
Elvetia,09_TH,2000,154700
Elvetia,09_TH,2001,154700
Elvetia,09_TH,2002,154700
Elvetia,09_TH,2003,154700
Elvetia,09_TH,2004,154700
Elvetia,09_TH,2005,154700
Elvetia,09_TH,2006,166200
Elvetia,09_TH,2007,166200
Elvetia,09_TH,2008,166200
Elvetia,09_TH,2009,166200
Elvetia,09_TH,2010,166200
Elvetia,09_TH,2011,175000
Elvetia,09_TH,2012,176000
Elvetia,09_TH,2013,176000
Elvetia,09_TH,2014,176000
Elvetia,09_TH,2015,176000
Elvetia,09_TH,2016,176000
Elvetia,09_TH,2017,176000
Elvetia,09_TH,2018,176000
Elvetia,09_TH,2019,176000
Elvetia,09_TH,2020,176000
Elvetia,09_TH,2021,176000
Austria,10_MR,2000,45
Austria,10_MR,2001,41
Luxemburg,10_MR,2000,30
Luxemburg,10_MR,2001,30
Luxemburg,10_MR,2002,24
Luxemburg,10_MR,2003,24
Luxemburg,10_MR,2004,24
Luxemburg,10_MR,2005,24
Luxemburg,10_MR,2006,24
Luxemburg,10_MR,2007,24
Luxemburg,10_MR,2008,24
Luxemburg,10_MR,2009,24
Luxemburg,10_MR,2010,24
Luxemburg,10_MR,2011,24
Luxemburg,10_MR,2012,24
Luxemburg,10_MR,2013,24
Luxemburg,10_MR,2014,24
Luxemburg,10_MR,2015,24
Luxemburg,10_MR,2016,24
Luxemburg,10_MR,2017,20
Luxemburg,10_MR,2018,20
Luxemburg,10_MR,2019,20
Luxemburg,10_MR,2020,20
Luxemburg,10_MR,2021,20
Elvetia,10_MR,2000,13.2
Elvetia,10_MR,2001,13.2
Elvetia,10_MR,2002,13.2
Elvetia,10_MR,2003,13.2
Elvetia,10_MR,2004,13.2
Elvetia,10_MR,2005,13.2
Elvetia,10_MR,2006,13.2
Elvetia,10_MR,2007,13.2
Elvetia,10_MR,2008,13.2
Elvetia,10_MR,2009,13.2
Elvetia,10_MR,2010,13.2
Elvetia,10_MR,2011,13.2
Elvetia,10_MR,2012,13.2
Elvetia,10_MR,2013,13.2
Elvetia,10_MR,2014,13.2
Elvetia,10_MR,2015,13.2
Elvetia,10_MR,2016,13.2
Elvetia,10_MR,2017,13.2
Elvetia,10_MR,2018,13.2
Elvetia,10_MR,2019,13.2
Elvetia,10_MR,2020,13.2
Elvetia,10_MR,2021,13.2
Austria,10_TH,2000,36336
Austria,10_TH,2001,50871
Luxemburg,10_TH,2000,22459.153344
Luxemburg,10_TH,2001,25062.035355
Luxemburg,10_TH,2002,24600
Luxemburg,10_TH,2003,24600
Luxemburg,10_TH,2004,24600
Luxemburg,10_TH,2005,24600
Luxemburg,10_TH,2006,24600
Luxemburg,10_TH,2007,24600
Luxemburg,10_TH,2008,26076
Luxemburg,10_TH,2009,28437
Luxemburg,10_TH,2010,28437
Luxemburg,10_TH,2011,28437
Luxemburg,10_TH,2012,28437
Luxemburg,10_TH,2013,28437
Luxemburg,10_TH,2014,28437
Luxemburg,10_TH,2015,28437
Luxemburg,10_TH,2016,28437
Luxemburg,10_TH,2017,28401
Luxemburg,10_TH,2018,28401
Luxemburg,10_TH,2019,28401
Luxemburg,10_TH,2020,28401
Luxemburg,10_TH,2021,28401
Elvetia,10_TH,2000,664300
Elvetia,10_TH,2001,664300
Elvetia,10_TH,2002,664300
Elvetia,10_TH,2003,664300
Elvetia,10_TH,2004,664300
Elvetia,10_TH,2005,664300
Elvetia,10_TH,2006,712400
Elvetia,10_TH,2007,712400
Elvetia,10_TH,2008,712400
Elvetia,10_TH,2009,712400
Elvetia,10_TH,2010,712500
Elvetia,10_TH,2011,751200
Elvetia,10_TH,2012,755200
Elvetia,10_TH,2013,755200
Elvetia,10_TH,2014,755200
Elvetia,10_TH,2015,755200
Elvetia,10_TH,2016,755200
Elvetia,10_TH,2017,755200
Elvetia,10_TH,2018,755200
Elvetia,10_TH,2019,755200
Elvetia,10_TH,2020,755200
Elvetia,10_TH,2021,755200
Austria,11_MR,2000,42
Austria,11_MR,2001,50
Luxemburg,11_MR,2000,32
Luxemburg,11_MR,2001,32
Luxemburg,11_MR,2002,26
Luxemburg,11_MR,2003,26
Luxemburg,11_MR,2004,26
Luxemburg,11_MR,2005,26
Luxemburg,11_MR,2006,26
Luxemburg,11_MR,2007,26
Luxemburg,11_MR,2008,26
Luxemburg,11_MR,2009,26
Luxemburg,11_MR,2010,26
Luxemburg,11_MR,2011,26
Luxemburg,11_MR,2012,26
Luxemburg,11_MR,2013,26
Luxemburg,11_MR,2014,26
Luxemburg,11_MR,2015,26
Luxemburg,11_MR,2016,26
Luxemburg,11_MR,2017,22
Luxemburg,11_MR,2018,22
Luxemburg,11_MR,2019,22
Luxemburg,11_MR,2020,22
Luxemburg,11_MR,2021,22
Elvetia,11_MR,2000,11.5
Elvetia,11_MR,2001,11.5
Elvetia,11_MR,2002,11.5
Elvetia,11_MR,2003,11.5
Elvetia,11_MR,2004,11.5
Elvetia,11_MR,2005,11.5
Elvetia,11_MR,2006,11.5
Elvetia,11_MR,2007,11.5
Elvetia,11_MR,2008,11.5
Elvetia,11_MR,2009,11.5
Elvetia,11_MR,2010,13.2
Elvetia,11_MR,2011,13.2
Elvetia,11_MR,2012,13.2
Elvetia,11_MR,2013,13.2
Elvetia,11_MR,2014,11.5
Elvetia,11_MR,2015,11.5
Elvetia,11_MR,2016,11.5
Elvetia,11_MR,2017,11.5
Elvetia,11_MR,2018,11.5
Elvetia,11_MR,2019,11.5
Elvetia,11_MR,2020,11.5
Elvetia,11_MR,2021,11.5
Austria,11_TH,2000,50871
Luxemburg,11_TH,2000,24169.618665
Luxemburg,11_TH,2001,26772.500676
Luxemburg,11_TH,2002,26250
Luxemburg,11_TH,2003,26250
Luxemburg,11_TH,2004,26250
Luxemburg,11_TH,2005,26250
Luxemburg,11_TH,2006,26250
Luxemburg,11_TH,2007,26250
Luxemburg,11_TH,2008,27825
Luxemburg,11_TH,2009,30345
Luxemburg,11_TH,2010,30345
Luxemburg,11_TH,2011,30345
Luxemburg,11_TH,2012,30345
Luxemburg,11_TH,2013,30345
Luxemburg,11_TH,2014,30345
Luxemburg,11_TH,2015,30345
Luxemburg,11_TH,2016,30345
Luxemburg,11_TH,2017,30345
Luxemburg,11_TH,2018,30345
Luxemburg,11_TH,2019,30345
Luxemburg,11_TH,2020,30345
Luxemburg,11_TH,2021,30345
Austria,12_MR,2000,50
Luxemburg,12_MR,2000,34
Luxemburg,12_MR,2001,34
Luxemburg,12_MR,2002,28
Luxemburg,12_MR,2003,28
Luxemburg,12_MR,2004,28
Luxemburg,12_MR,2005,28
Luxemburg,12_MR,2006,28
Luxemburg,12_MR,2007,28
Luxemburg,12_MR,2008,28
Luxemburg,12_MR,2009,28
Luxemburg,12_MR,2010,28
Luxemburg,12_MR,2011,28
Luxemburg,12_MR,2012,28
Luxemburg,12_MR,2013,28
Luxemburg,12_MR,2014,28
Luxemburg,12_MR,2015,28
Luxemburg,12_MR,2016,28
Luxemburg,12_MR,2017,24
Luxemburg,12_MR,2018,24
Luxemburg,12_MR,2019,24
Luxemburg,12_MR,2020,24
Luxemburg,12_MR,2021,24
Luxemburg,12_TH,2000,25880.083986
Luxemburg,12_TH,2001,28482.965996
Luxemburg,12_TH,2002,27900
Luxemburg,12_TH,2003,27900
Luxemburg,12_TH,2004,27900
Luxemburg,12_TH,2005,27900
Luxemburg,12_TH,2006,27900
Luxemburg,12_TH,2007,27900
Luxemburg,12_TH,2008,29574
Luxemburg,12_TH,2009,32253
Luxemburg,12_TH,2010,32253
Luxemburg,12_TH,2011,32253
Luxemburg,12_TH,2012,32253
Luxemburg,12_TH,2013,32253
Luxemburg,12_TH,2014,32253
Luxemburg,12_TH,2015,32253
Luxemburg,12_TH,2016,32253
Luxemburg,12_TH,2017,32289
Luxemburg,12_TH,2018,32289
Luxemburg,12_TH,2019,32289
Luxemburg,12_TH,2020,32289
Luxemburg,12_TH,2021,32289
Luxemburg,13_MR,2000,36
Luxemburg,13_MR,2001,36
Luxemburg,13_MR,2002,30
Luxemburg,13_MR,2003,30
Luxemburg,13_MR,2004,30
Luxemburg,13_MR,2005,30
Luxemburg,13_MR,2006,30
Luxemburg,13_MR,2007,30
Luxemburg,13_MR,2008,30
Luxemburg,13_MR,2009,30
Luxemburg,13_MR,2010,30
Luxemburg,13_MR,2011,30
Luxemburg,13_MR,2012,30
Luxemburg,13_MR,2013,30
Luxemburg,13_MR,2014,30
Luxemburg,13_MR,2015,30
Luxemburg,13_MR,2016,30
Luxemburg,13_MR,2017,26
Luxemburg,13_MR,2018,26
Luxemburg,13_MR,2019,26
Luxemburg,13_MR,2020,26
Luxemburg,13_MR,2021,26
Luxemburg,13_TH,2000,27590.549307
Luxemburg,13_TH,2001,30193.431317
Luxemburg,13_TH,2002,29550
Luxemburg,13_TH,2003,29550
Luxemburg,13_TH,2004,29550
Luxemburg,13_TH,2005,29550
Luxemburg,13_TH,2006,29550
Luxemburg,13_TH,2007,29550
Luxemburg,13_TH,2008,31323
Luxemburg,13_TH,2009,34161
Luxemburg,13_TH,2010,34161
Luxemburg,13_TH,2011,34161
Luxemburg,13_TH,2012,34161
Luxemburg,13_TH,2013,34161
Luxemburg,13_TH,2014,34161
Luxemburg,13_TH,2015,34161
Luxemburg,13_TH,2016,34161
Luxemburg,13_TH,2017,34233
Luxemburg,13_TH,2018,34233
Luxemburg,13_TH,2019,34233
Luxemburg,13_TH,2020,34233
Luxemburg,13_TH,2021,34233
Luxemburg,14_MR,2000,38
Luxemburg,14_MR,2001,38
Luxemburg,14_MR,2002,32
Luxemburg,14_MR,2003,32
Luxemburg,14_MR,2004,32
Luxemburg,14_MR,2005,32
Luxemburg,14_MR,2006,32
Luxemburg,14_MR,2007,32
Luxemburg,14_MR,2008,32
Luxemburg,14_MR,2009,32
Luxemburg,14_MR,2010,32
Luxemburg,14_MR,2011,32
Luxemburg,14_MR,2012,32
Luxemburg,14_MR,2013,32
Luxemburg,14_MR,2014,32
Luxemburg,14_MR,2015,32
Luxemburg,14_MR,2016,32
Luxemburg,14_MR,2017,28
Luxemburg,14_MR,2018,28
Luxemburg,14_MR,2019,28
Luxemburg,14_MR,2020,28
Luxemburg,14_MR,2021,28
Luxemburg,14_TH,2000,29301.014628
Luxemburg,14_TH,2001,31903.896638
Luxemburg,14_TH,2002,31200
Luxemburg,14_TH,2003,31200
Luxemburg,14_TH,2004,31200
Luxemburg,14_TH,2005,31200
Luxemburg,14_TH,2006,31200
Luxemburg,14_TH,2007,31200
Luxemburg,14_TH,2008,33072
Luxemburg,14_TH,2009,36069
Luxemburg,14_TH,2010,36069
Luxemburg,14_TH,2011,36069
Luxemburg,14_TH,2012,36069
Luxemburg,14_TH,2013,36069
Luxemburg,14_TH,2014,36069
Luxemburg,14_TH,2015,36069
Luxemburg,14_TH,2016,36069
Luxemburg,14_TH,2017,36177
Luxemburg,14_TH,2018,36177
Luxemburg,14_TH,2019,36177
Luxemburg,14_TH,2020,36177
Luxemburg,14_TH,2021,36177
Luxemburg,15_MR,2000,40
Luxemburg,15_MR,2001,40
Luxemburg,15_MR,2002,34
Luxemburg,15_MR,2003,34
Luxemburg,15_MR,2004,34
Luxemburg,15_MR,2005,34
Luxemburg,15_MR,2006,34
Luxemburg,15_MR,2007,34
Luxemburg,15_MR,2008,34
Luxemburg,15_MR,2009,34
Luxemburg,15_MR,2010,34
Luxemburg,15_MR,2011,34
Luxemburg,15_MR,2012,34
Luxemburg,15_MR,2013,34
Luxemburg,15_MR,2014,34
Luxemburg,15_MR,2015,34
Luxemburg,15_MR,2016,34
Luxemburg,15_MR,2017,30
Luxemburg,15_MR,2018,30
Luxemburg,15_MR,2019,30
Luxemburg,15_MR,2020,30
Luxemburg,15_MR,2021,30
Luxemburg,15_TH,2000,31011.479949
Luxemburg,15_TH,2001,33614.361959
Luxemburg,15_TH,2002,32850
Luxemburg,15_TH,2003,32850
Luxemburg,15_TH,2004,32850
Luxemburg,15_TH,2005,32850
Luxemburg,15_TH,2006,32850
Luxemburg,15_TH,2007,32850
Luxemburg,15_TH,2008,34821
Luxemburg,15_TH,2009,37977
Luxemburg,15_TH,2010,37977
Luxemburg,15_TH,2011,37977
Luxemburg,15_TH,2012,37977
Luxemburg,15_TH,2013,37977
Luxemburg,15_TH,2014,37977
Luxemburg,15_TH,2015,37977
Luxemburg,15_TH,2016,37977
Luxemburg,15_TH,2017,38121
Luxemburg,15_TH,2018,38121
Luxemburg,15_TH,2019,38121
Luxemburg,15_TH,2020,38121
Luxemburg,15_TH,2021,38121
Luxemburg,16_MR,2000,42
Luxemburg,16_MR,2001,42
Luxemburg,16_MR,2002,36
Luxemburg,16_MR,2003,36
Luxemburg,16_MR,2004,36
Luxemburg,16_MR,2005,36
Luxemburg,16_MR,2006,36
Luxemburg,16_MR,2007,36
Luxemburg,16_MR,2008,36
Luxemburg,16_MR,2009,36
Luxemburg,16_MR,2010,36
Luxemburg,16_MR,2011,36
Luxemburg,16_MR,2012,36
Luxemburg,16_MR,2013,36
Luxemburg,16_MR,2014,36
Luxemburg,16_MR,2015,36
Luxemburg,16_MR,2016,36
Luxemburg,16_MR,2017,32
Luxemburg,16_MR,2018,32
Luxemburg,16_MR,2019,32
Luxemburg,16_MR,2020,32
Luxemburg,16_MR,2021,32
Luxemburg,16_TH,2000,32721.94527
Luxemburg,16_TH,2002,34500
Luxemburg,16_TH,2003,34500
Luxemburg,16_TH,2004,34500
Luxemburg,16_TH,2005,34500
Luxemburg,16_TH,2006,34500
Luxemburg,16_TH,2007,34500
Luxemburg,16_TH,2008,36570
Luxemburg,16_TH,2009,39885
Luxemburg,16_TH,2010,39885
Luxemburg,16_TH,2011,39885
Luxemburg,16_TH,2012,39885
Luxemburg,16_TH,2013,39885
Luxemburg,16_TH,2014,39885
Luxemburg,16_TH,2015,39885
Luxemburg,16_TH,2016,39885
Luxemburg,16_TH,2017,40065
Luxemburg,16_TH,2018,40065
Luxemburg,16_TH,2019,40065
Luxemburg,16_TH,2020,40065
Luxemburg,16_TH,2021,40065
Luxemburg,17_MR,2000,44
Luxemburg,17_MR,2002,38
Luxemburg,17_MR,2003,38
Luxemburg,17_MR,2004,38
Luxemburg,17_MR,2005,38
Luxemburg,17_MR,2006,38
Luxemburg,17_MR,2007,38
Luxemburg,17_MR,2008,38
Luxemburg,17_MR,2009,38
Luxemburg,17_MR,2010,38
Luxemburg,17_MR,2011,38
Luxemburg,17_MR,2012,38
Luxemburg,17_MR,2013,38
Luxemburg,17_MR,2014,38
Luxemburg,17_MR,2015,38
Luxemburg,17_MR,2016,38
Luxemburg,17_MR,2017,34
Luxemburg,17_MR,2018,34
Luxemburg,17_MR,2019,34
Luxemburg,17_MR,2020,34
Luxemburg,17_MR,2021,34
Luxemburg,17_TH,2000,65443.89054
Luxemburg,17_TH,2011,41793
Luxemburg,17_TH,2012,41793
Luxemburg,17_TH,2013,41793
Luxemburg,17_TH,2014,41793
Luxemburg,17_TH,2015,41793
Luxemburg,17_TH,2016,41793
Luxemburg,17_TH,2017,42009
Luxemburg,17_TH,2018,42009
Luxemburg,17_TH,2019,42009
Luxemburg,17_TH,2020,42009
Luxemburg,17_TH,2021,42009
Luxemburg,18_MR,2000,46
Luxemburg,18_MR,2011,39
Luxemburg,18_MR,2012,39
Luxemburg,18_MR,2013,39
Luxemburg,18_MR,2014,39
Luxemburg,18_MR,2015,39
Luxemburg,18_MR,2016,39
Luxemburg,18_MR,2017,36
Luxemburg,18_MR,2018,36
Luxemburg,18_MR,2019,36
Luxemburg,18_MR,2020,36
Luxemburg,18_MR,2021,36
Luxemburg,18_TH,2013,100000
Luxemburg,18_TH,2014,100000
Luxemburg,18_TH,2015,100000
Luxemburg,18_TH,2016,100000
Luxemburg,18_TH,2017,43953
Luxemburg,18_TH,2018,43953
Luxemburg,18_TH,2019,43953
Luxemburg,18_TH,2020,43953
Luxemburg,18_TH,2021,43953
Luxemburg,19_MR,2013,40
Luxemburg,19_MR,2014,40
Luxemburg,19_MR,2015,40
Luxemburg,19_MR,2016,40
Luxemburg,19_MR,2017,38
Luxemburg,19_MR,2018,38
Luxemburg,19_MR,2019,38
Luxemburg,19_MR,2020,38
Luxemburg,19_MR,2021,38
Letonia,01_MR,2000,25
Letonia,01_MR,2001,25
Letonia,01_MR,2002,25
Letonia,01_MR,2003,25
Letonia,01_MR,2004,25
Letonia,01_MR,2005,25
Letonia,01_MR,2006,25
Letonia,01_MR,2007,25
Letonia,01_MR,2008,25
Letonia,01_MR,2009,23
Letonia,01_MR,2010,26
Letonia,01_MR,2011,25
Letonia,01_MR,2012,25
Letonia,01_MR,2013,24
Letonia,01_MR,2014,24
Letonia,01_MR,2015,23
Letonia,01_MR,2016,23
Letonia,01_MR,2017,23
Letonia,01_MR,2018,23
Letonia,01_MR,2019,20
Letonia,01_MR,2020,20
Letonia,01_MR,2021,20
Norvegia,03_TH,2016,565400
Norvegia,03_TH,2017,580650
Norvegia,03_TH,2018,598050
Norvegia,03_TH,2019,617500
Norvegia,03_TH,2020,639750
Norvegia,03_TH,2021,651250
Norvegia,04_MR,2016,21.25
Norvegia,04_MR,2017,21.07
Norvegia,04_MR,2018,20.95
Norvegia,04_MR,2019,21.05
Norvegia,04_MR,2020,21.65
Norvegia,04_MR,2021,20.35
Norvegia,04_TH,2016,909500
Norvegia,04_TH,2017,934050
Norvegia,04_TH,2018,962050
Norvegia,04_TH,2019,964800
Norvegia,04_TH,2020,999550
Norvegia,04_TH,2021,1021550
Norvegia,05_MR,2016,24.25
Norvegia,05_MR,2017,24.07
Norvegia,05_MR,2018,23.95
Norvegia,05_MR,2019,24.05
Norvegia,05_MR,2020,24.65
Norvegia,05_MR,2021,23.35
Lituania,01_MR,2000,33
Lituania,01_MR,2001,33
Lituania,01_MR,2002,33
Lituania,01_MR,2003,33
Lituania,01_MR,2004,33
Lituania,01_MR,2005,33
Lituania,01_MR,2006,29.975342
Lituania,01_MR,2007,27
Lituania,01_MR,2008,24
Lituania,01_MR,2009,15
Lituania,01_MR,2010,15
Lituania,01_MR,2011,15
Lituania,01_MR,2012,15
Lituania,01_MR,2013,15
Lituania,01_MR,2014,15
Lituania,01_MR,2015,15
Lituania,01_MR,2016,15
Lituania,01_MR,2017,15
Lituania,01_MR,2018,15
Lituania,01_MR,2019,20
Lituania,01_MR,2020,20
Lituania,01_MR,2021,20
Letonia,01_TH,2019,20004
Letonia,01_TH,2020,20004
Letonia,01_TH,2021,20004
Lituania,01_TH,2019,136344
Lituania,01_TH,2020,104278
Lituania,01_TH,2021,81162
Letonia,02_TH,2019,62800
Letonia,02_TH,2020,62800
Letonia,02_TH,2021,62800
Lituania,02_MR,2019,27
Lituania,02_MR,2020,32
Lituania,02_MR,2021,32
Letonia,02_MR,2019,23
Letonia,02_MR,2020,23
Letonia,02_MR,2021,23
Letonia,03_MR,2019,31.4
Letonia,03_MR,2020,31.4
Letonia,03_MR,2021,31
